"",詞彙,TF_IDF_Score
0,空間,9.885249
1,採光,7.744079
2,客廳,5.133459
3,收納,5.074192
4,牆面,4.816285
5,通風,4.747933
6,窗戶,4.231236
7,適合,3.915606
8,好,3.828469
9,良好,3.686467
10,家具,3.632569
11,衣櫃,3.251097
12,方便,3.204512
13,臥室,3.198092
14,地板,3.163406
15,衛浴,3.002937
16,設備,2.919122
17,地面,2.897196
18,充足,2.884790
19,大,2.857829
20,動線,2.799566
21,磁磚,2.638762
22,尚可,2.619557
23,天花,2.616331
24,配置,2.537642
25,規劃,2.488510
26,廚房,2.482827
27,使用,2.466073
28,浴室,2.435906
29,方正,2.428454
30,冷氣,2.407213
31,馬,2.365520
32,長,2.352308
33,自然光,2.348554
34,區,2.316121
35,一般,2.292471
36,桶,2.288112
37,檯,2.268731
38,玻璃,2.268653
39,一,2.264076
40,淋浴,2.213141
41,可能,2.201073
42,照明,2.153929
43,格局,2.127646
44,基本,2.101737
45,高度,2.085177
46,寬,2.077299
47,通風佳,2.074190
48,窗,2.022818
49,未見,1.982398
50,完整,1.981224
51,採光佳,1.954586
52,木紋,1.935757
53,內,1.933252
54,餐廳,1.930176
55,道,1.925118
56,新穎,1.917044
57,沙發,1.897122
58,佳,1.896663
59,家庭,1.885120
60,敞,1.865257
61,主臥,1.858909
62,普通,1.858784
63,無,1.857723
64,落地窗,1.843866
65,地坪,1.837274
66,走,1.823795
67,清潔,1.819367
68,舒適,1.818358
69,樓梯,1.810626
70,地磚,1.809589
71,燈,1.779313
72,外窗,1.777550
73,洗手台,1.772512
74,房間,1.772315
75,櫃體,1.768722
76,裝潢,1.766016
77,格局方正,1.765692
78,提供,1.765106
79,大面,1.756759
80,不足,1.717928
81,多,1.717709
82,面,1.685168
83,合作,1.676416
84,插座,1.674972
85,不,1.673069
86,二,1.666668
87,公尺,1.657354
88,適,1.649571
89,室,1.647010
90,收納櫃,1.639085
91,新式,1.626928
92,獨立,1.626899
93,提升,1.609912
94,安全,1.604891
95,直接,1.590250
96,床,1.574660
97,齊全,1.573176
98,間,1.567343
99,近,1.563533
100,書桌,1.553463
101,新,1.549041
102,乾濕分離,1.539419
103,設計,1.530846
104,小,1.522232
105,陽台,1.516532
106,社區,1.508415
107,浴缸,1.502882
108,順暢,1.502582
109,燈光,1.499631
110,開啟,1.499084
111,套房,1.490420
112,玄關,1.479342
113,有限,1.472097
114,牆,1.465532
115,規則,1.461011
116,客餐廳,1.451800
117,皆,1.442245
118,明亮,1.439223
119,足夠,1.437430
120,餐桌,1.433486
121,高,1.427968
122,活動,1.408241
123,單面,1.406553
124,工作,1.403738
125,臥,1.398010
126,中等,1.397875
127,次,1.394120
128,房,1.380238
129,增加,1.364878
130,曬,1.362408
131,感,1.354535
132,整面,1.351130
133,老舊,1.342375
134,壓迫,1.341758
135,翻新,1.332871
136,引入,1.332653
137,電視櫃,1.321739
138,仍,1.316751
139,多功能,1.304412
140,小窗,1.304083
141,大窗,1.300448
142,外,1.296863
143,易,1.286246
144,洗衣,1.282072
145,留白,1.278504
146,狀況,1.268642
147,房型,1.260646
148,茶几,1.258142
149,窗簾,1.253779
150,樑,1.252113
151,集中,1.251105
152,預留,1.250183
153,清楚,1.239034
154,型,1.238443
155,電視牆,1.233919
156,減少,1.231504
157,擺放,1.222627
158,公共,1.219343
159,展示,1.217972
160,易清潔,1.216905
161,搭配,1.213526
162,入住,1.202047
163,木地板,1.201544
164,淺色,1.200909
165,狹長,1.190923
166,書房,1.190422
167,機能,1.178725
168,光線,1.175625
169,方形,1.174143
170,另,1.173862
171,整體,1.173358
172,乾濕,1.162747
173,對流,1.162210
174,拋光磚,1.159654
175,雙人床,1.150901
176,大量,1.144176
177,商圈,1.142239
178,淋浴間,1.141319
179,防滑,1.139784
180,整理,1.137871
181,光通,1.136493
182,瓦斯爐,1.131016
183,管線,1.124846
184,無明顯,1.124531
185,流理台,1.120715
186,室內,1.117616
187,上下,1.114134
188,分區,1.112592
189,視覺,1.112181
190,採,1.109560
191,大型,1.106930
192,分離,1.100693
193,電視,1.080990
194,出入口,1.074501
195,人工,1.070530
196,面盆,1.066527
197,風,1.065242
198,開放式,1.063486
199,平整,1.059844
200,距離,1.051361
201,排風,1.050052
202,留意,1.048681
203,排水,1.039336
204,平台,1.037671
205,大面積,1.033895
206,清理,1.030400
207,隱私,1.026431
208,自行,1.025331
209,後陽台,1.023892
210,明確,1.023520
211,側窗,1.015164
212,層,1.015135
213,廳,1.010065
214,自然,1.000632
215,拉門,0.990002
216,可放,0.988897
217,彈性,0.988247
218,矩形,0.987081
219,市立,0.985782
220,用餐,0.984842
221,一體,0.984829
222,雜物,0.979406
223,隔音,0.978327
224,主要,0.977618
225,門,0.976877
226,料理,0.974462
227,開窗,0.966598
228,擺,0.966028
229,外側,0.965507
230,木作,0.964294
231,高樓,0.961038
232,更新,0.958731
233,耐磨,0.957168
234,公設,0.957048
235,架,0.956329
236,私密性,0.956293
237,已有,0.952885
238,角度,0.952235
239,寵物,0.951219
240,固定,0.950522
241,居住,0.949726
242,睡眠,0.948345
243,防水,0.948263
244,景觀,0.947685
245,下方,0.946672
246,需注意,0.942425
247,條件,0.942329
248,層高,0.936739
249,留有,0.936694
250,容易,0.935805
251,適中,0.928863
252,兩側,0.922706
253,落地,0.921688
254,大片,0.913242
255,尺寸,0.912735
256,小孩,0.911318
257,嵌燈,0.911092
258,一樓,0.909687
259,隔間,0.909511
260,完全,0.908673
261,到,0.907835
262,店面,0.907121
263,晾衣,0.903403
264,明顯,0.900232
265,略,0.900066
266,地,0.898659
267,崁,0.898559
268,區域,0.894796
269,楠梓,0.893082
270,公園,0.888652
271,位置,0.887273
272,無明,0.886044
273,櫥櫃,0.883726
274,燈具,0.882444
275,看不到,0.879937
276,噪音,0.879365
277,流通,0.875329
278,利用,0.869954
279,櫃,0.869581
280,陽台門,0.869176
281,外露,0.868796
282,可見,0.868516
283,上方,0.868131
284,廚具,0.865925
285,可開,0.864589
286,儲物,0.862567
287,亮度,0.859479
288,對外,0.858994
289,層板,0.853343
290,一側,0.850766
291,隔,0.850201
292,濕,0.848180
293,現成,0.843238
294,鏡櫃,0.840934
295,全新,0.840781
296,空氣,0.828030
297,天花板,0.826325
298,已裝,0.824325
299,兒童,0.822984
300,均,0.821343
301,延伸,0.820825
302,分,0.818610
303,感佳,0.817070
304,矮櫃,0.816984
305,家電,0.816807
306,寬度,0.812416
307,乾,0.812257
308,不明,0.807916
309,b,0.807866
310,可規劃,0.807582
311,物品,0.806931
312,走道,0.801316
313,潛力,0.800042
314,整修,0.797650
315,油煙,0.796350
316,生活,0.794834
317,可作,0.793642
318,依賴,0.793110
319,無對,0.792057
320,入口,0.791249
321,毛巾架,0.790899
322,隱私佳,0.789718
323,裝修,0.787848
324,吧台,0.786855
325,書,0.786674
326,僅,0.782993
327,操作,0.782161
328,車位,0.781188
329,床頭櫃,0.779981
330,管理,0.779140
331,掃,0.778696
332,近公園,0.778397
333,影響,0.777649
334,看,0.777168
335,放大,0.776534
336,溼,0.773847
337,床位,0.773412
338,完成,0.766436
339,市場,0.765991
340,離,0.765291
341,光源,0.764823
342,形成,0.764401
343,分明,0.763221
344,打,0.761674
345,工作室,0.760474
346,不易,0.755654
347,湊,0.754389
348,滲水,0.754044
349,同一,0.751817
350,臥房,0.750649
351,簡單,0.749072
352,部分,0.745496
353,開口,0.743985
354,維護,0.741285
355,完善,0.737138
356,開闊,0.732081
357,內建,0.730244
358,整排,0.727555
359,板,0.726035
360,附,0.722912
361,床頭,0.720282
362,靠,0.718825
363,抽油煙機,0.718090
364,便利,0.717952
365,走廊,0.717882
366,重新,0.716654
367,主臥室,0.713732
368,無壓迫感,0.711825
369,距,0.708272
370,轉身,0.707884
371,舒適度,0.707754
372,局部,0.701519
373,目前,0.701303
374,開放,0.699457
375,多組,0.699019
376,辦公,0.698265
377,鞋櫃,0.698017
378,休憩,0.697689
379,降低,0.694257
380,小家庭,0.692672
381,用品,0.689290
382,前方,0.688864
383,洗澡,0.688141
384,安全性,0.687583
385,打理,0.686810
386,主燈,0.685945
387,穩定,0.685577
388,再,0.684735
389,汙,0.684389
390,上櫃,0.682228
391,進出,0.681813
392,鄰近,0.680724
393,三,0.678626
394,一視角,0.676498
395,潮濕,0.675093
396,近捷運,0.673266
397,工作陽台,0.671180
398,均勻,0.670804
399,水,0.669804
400,中島,0.667464
401,正常,0.666612
402,主臥房,0.666434
403,風格,0.666001
404,停車,0.665072
405,鄰棟,0.664705
406,較佳,0.663507
407,抽屜,0.663261
408,具,0.662938
409,窄,0.661801
410,會,0.659574
411,面積,0.658643
412,白色,0.658438
413,超市,0.658394
414,更衣,0.656709
415,窗外,0.656627
416,機械,0.656549
417,放,0.655963
418,字型,0.655890
419,通往,0.654522
420,多人,0.653932
421,成本,0.651692
422,尺度,0.650640
423,磚易,0.650290
424,吊櫃,0.650079
425,勻,0.649689
426,嵌,0.647259
427,窗邊,0.647038
428,冰箱,0.642325
429,台積電,0.641745
430,保養,0.640095
431,a,0.639305
432,機車,0.637498
433,擁擠,0.637094
434,扶手,0.636092
435,日光,0.635835
436,近公車站,0.634819
437,續,0.634577
438,看起,0.634550
439,四角,0.633940
440,近學校,0.632462
441,大廳,0.629534
442,台門,0.624601
443,約,0.622868
444,開,0.622762
445,戶,0.620176
446,視野開闊,0.618195
447,烹飪,0.618014
448,燕巢,0.617693
449,挑高,0.614789
450,層架,0.614670
451,平面車位,0.613726
452,休閒,0.612352
453,或兒,0.610530
454,面向,0.610481
455,吊燈,0.609487
456,風險,0.607681
457,豐富,0.606570
458,材質,0.604884
459,全室,0.602863
460,便,0.602683
461,寬敞,0.602654
462,簡易,0.602438
463,添購,0.602297
464,捷運站,0.598793
465,增設,0.598568
466,牆地,0.598308
467,直通,0.598208
468,旁,0.598113
469,耐用,0.597061
470,放空,0.596792
471,偏弱,0.594409
472,磚,0.594360
473,同時,0.594082
474,整潔,0.590341
475,標準,0.589791
476,舊,0.589644
477,起居,0.588004
478,雙口,0.585107
479,超大,0.583165
480,站,0.582547
481,大門,0.582467
482,房門,0.580452
483,兩人,0.579693
484,傢,0.579150
485,生活機能佳,0.578151
486,起來,0.576667
487,聚會,0.575994
488,欄杆,0.575580
489,高窗,0.574924
490,利,0.573934
491,現代,0.573376
492,主,0.571324
493,瓷磚,0.569850
494,日常,0.569453
495,含,0.569076
496,床旁,0.569023
497,人,0.567809
498,簡潔,0.567525
499,小港,0.567062
500,側邊,0.566374
501,下櫃,0.564357
502,修,0.564059
503,柔和,0.562764
504,濕區,0.560816
505,排油煙機,0.560623
506,俱,0.559830
507,門窗,0.559732
508,極佳,0.559607
509,獨立廚房,0.559120
510,筆直,0.557948
511,中,0.557942
512,弱,0.555427
513,偏,0.554768
514,感強,0.554057
515,需求,0.553264
516,疑似,0.551709
517,分鐘,0.550918
518,易規劃,0.550426
519,公寓,0.550221
520,擠,0.549241
521,需自備,0.549116
522,衣,0.548096
523,視線,0.547754
524,可容納,0.547356
525,五金,0.547279
526,透天,0.547054
527,有助,0.546954
528,大社,0.546686
529,客用,0.544858
530,仰賴,0.538591
531,位,0.538031
532,新裝修,0.535329
533,櫃與,0.533410
534,單人,0.532660
535,翻修,0.532306
536,電器,0.531807
537,低,0.531781
538,設施,0.530991
539,排風扇,0.528242
540,輩,0.528185
541,白牆,0.527845
542,受限,0.527119
543,配備,0.526779
544,以,0.524592
545,深度,0.523290
546,沙發區,0.523041
547,桌椅,0.521772
548,座位,0.520941
549,泡澡,0.520843
550,造型,0.520595
551,新穎裝,0.520497
552,有窗,0.519758
553,樓層,0.519289
554,運站,0.518826
555,不壓迫,0.517921
556,連接,0.517025
557,收納量,0.517011
558,設置,0.516763
559,前端,0.516389
560,系統櫃,0.515315
561,鋪,0.515095
562,木紋磚,0.514901
563,提高,0.512989
564,節省,0.512713
565,電梯,0.512064
566,童房,0.511908
567,c,0.511371
568,靠窗,0.511346
569,拋光,0.510972
570,住戶,0.509553
571,視野,0.509164
572,附贈,0.509033
573,髒,0.508531
574,門外,0.508220
575,主牆,0.508187
576,減少潮,0.507907
577,機,0.507476
578,鐵窗,0.504976
579,加裝,0.503097
580,範圍,0.503058
581,床架,0.502666
582,出入,0.502121
583,可加裝,0.502004
584,同區,0.501229
585,反光,0.500651
586,實用,0.500431
587,l,0.499850
588,防潮,0.499531
589,開放層,0.498803
590,為主,0.497205
591,黃,0.497142
592,放置,0.495881
593,安靜,0.495436
594,方,0.495364
595,柱,0.494172
596,晾,0.490496
597,鐵皮,0.489620
598,開伙,0.488895
599,排油煙,0.488371
600,連接陽台,0.488041
601,投資,0.487384
602,二樓,0.487366
603,簾,0.487223
604,置物,0.487195
605,開放式廚房,0.486851
606,歡迎,0.486448
607,帶,0.486380
608,緊,0.486265
609,全貼,0.486215
610,單一,0.485209
611,內燈,0.482774
612,靠近,0.481325
613,連結,0.481006
614,溫暖,0.480997
615,差,0.480627
616,接,0.480556
617,全面,0.478880
618,可彈性,0.478827
619,壁掛式,0.478481
620,通道,0.477831
621,樓,0.477101
622,由,0.476500
623,稍,0.475316
624,線,0.475236
625,乾淨,0.472954
626,質感,0.472897
627,俱全,0.472376
628,梳妝台,0.469388
629,換氣,0.468919
630,車庫,0.467741
631,平面,0.467349
632,顯,0.466760
633,間接,0.466474
634,空調,0.465350
635,未來,0.465316
636,出租,0.464113
637,包覆,0.460069
638,床邊,0.459360
639,全屋,0.456482
640,休息,0.456194
641,區與,0.455439
642,無內,0.455356
643,建收納,0.455356
644,一應,0.454430
645,鋁窗,0.453706
646,封閉,0.453581
647,連通,0.453539
648,蓮蓬頭,0.453441
649,其他,0.452683
650,適合常,0.452257
651,適合長,0.452209
652,易濺,0.452125
653,滑,0.451901
654,軌道,0.451833
655,住,0.450483
656,前陽台,0.449441
657,閱讀,0.448334
658,時,0.445063
659,帶入,0.444326
660,腳感,0.442253
661,浴櫃,0.441998
662,空房,0.441473
663,油漆,0.441337
664,積水,0.440846
665,大坪,0.439237
666,相對,0.438221
667,中庭,0.437392
668,高中,0.437326
669,動線流暢,0.434994
670,亮面,0.434702
671,牆磚,0.434618
672,可加,0.434457
673,臺,0.433626
674,公私,0.432965
675,外部,0.430610
676,需依賴,0.430569
677,煙,0.427122
678,需仰,0.427056
679,木質,0.426452
680,鏡子,0.425991
681,損壞,0.425065
682,結構,0.424953
683,單人床,0.424882
684,學區,0.421184
685,深色,0.421000
686,避免,0.420679
687,遮光,0.419049
688,清洗,0.418398
689,到位,0.418093
690,痕跡,0.417345
691,且,0.417192
692,可用,0.417120
693,挑,0.416349
694,大樓,0.414001
695,地段,0.413081
696,科技,0.413004
697,立即,0.412784
698,拉門區,0.411979
699,客餐,0.411474
700,排氣,0.411288
701,玄關區,0.410449
702,單純,0.410040
703,門口,0.409667
704,臥室區,0.409110
705,國小,0.408517
706,冷氣機,0.407995
707,空地,0.407932
708,設有,0.407418
709,方可,0.406225
710,現況,0.405285
711,偏舊,0.405231
712,流理,0.404575
713,頂樓,0.404226
714,小型,0.402089
715,緊鄰,0.401912
716,活動區,0.400747
717,客房,0.398670
718,自住,0.398669
719,偏緊,0.398629
720,搬運,0.398587
721,車站,0.398299
722,室外,0.397846
723,功能,0.397324
724,完工,0.395442
725,適合學生,0.395130
726,樓高,0.394610
727,車道,0.394553
728,略低,0.394246
729,需確,0.393765
730,上班族,0.392939
731,半戶,0.392334
732,可同,0.392277
733,公領域,0.392229
734,多扇,0.391400
735,全聯,0.391382
736,既有,0.390688
737,磚牆,0.390648
738,新裝潢,0.389141
739,開火,0.388246
740,三房,0.387437
741,水電,0.387132
742,交通便利,0.386315
743,全部,0.385924
744,充裕,0.385291
745,期,0.384630
746,高低,0.384566
747,留,0.384027
748,屋況,0.383625
749,通行,0.383365
750,異味,0.383320
751,順,0.382971
752,儲藏室,0.382666
753,耐,0.381466
754,靠室,0.381314
755,色系,0.379552
756,粉刷,0.379506
757,坡度,0.379196
758,面收納,0.379105
759,可開啟,0.378495
760,機械車位,0.378015
761,排濕,0.377347
762,日照,0.377156
763,大理石,0.376580
764,維修,0.375958
765,房內,0.375923
766,靠牆,0.375244
767,新裝,0.375219
768,條型,0.374918
769,停車場,0.374736
770,角落,0.374372
771,四,0.374352
772,收租,0.374222
773,如廁,0.373813
774,淺,0.372596
775,全,0.372578
776,剝落,0.372436
777,多點,0.372431
778,夜間,0.372129
779,年代,0.371748
780,互動,0.371519
781,窗型,0.371174
782,有門,0.370782
783,可期,0.369555
784,走路,0.368723
785,在家,0.367380
786,坪,0.366824
787,與陽,0.366736
788,多盞,0.366344
789,居家,0.365534
790,需仰賴,0.364744
791,娛樂,0.364583
792,厚,0.363862
793,作,0.362922
794,來電,0.362911
795,行走,0.362415
796,作業,0.362269
797,干擾,0.362232
798,發展,0.361909
799,櫃台,0.361284
800,購物,0.360983
801,推門,0.360449
802,等,0.360310
803,裝設,0.360052
804,頂部,0.359929
805,平頂,0.359593
806,鏡面,0.359013
807,確認,0.358926
808,通透,0.358803
809,已備,0.358803
810,小臥室,0.358444
811,佈,0.358443
812,不如,0.358357
813,防護,0.357595
814,曬衣,0.357562
815,偏暗,0.357157
816,建物,0.356941
817,抽風機,0.356474
818,至,0.355580
819,餐廳區,0.354937
820,餐具,0.354031
821,床組,0.353805
822,大空間,0.353617
823,小房,0.353556
824,騎樓,0.353395
825,擺床,0.353114
826,窗戶利,0.352346
827,已附,0.351976
828,裝飾,0.351916
829,內側,0.351594
830,少,0.350928
831,帶來,0.350678
832,單窗,0.350145
833,維持,0.349439
834,保有,0.349154
835,側牆,0.348294
836,擺設,0.348249
837,分隔,0.347954
838,金,0.346819
839,新款,0.346703
840,灰色,0.346311
841,爐,0.345238
842,白天,0.345217
843,環境,0.344997
844,顯示,0.344989
845,看到,0.344971
846,區分,0.344878
847,保留,0.344356
848,可放鍋,0.343797
849,日,0.343637
850,開燈,0.342495
851,交誼,0.342248
852,衣物,0.341942
853,雙向,0.341520
854,坪數,0.341295
855,齊備,0.340944
856,高醫,0.339844
857,一路,0.339573
858,需靠,0.339202
859,電箱,0.339063
860,老式,0.339046
861,或書桌,0.338936
862,正好,0.338078
863,即可,0.338047
864,桌面,0.337921
865,高科大,0.337893
866,漬,0.337844
867,疑慮,0.337571
868,日用品,0.336958
869,周邊,0.336818
870,高櫃,0.336716
871,多面,0.335127
872,不錯,0.334998
873,桌區,0.334386
874,中民店,0.334199
875,首選,0.334197
876,遊戲區,0.333873
877,兼具,0.333722
878,用途,0.333368
879,新屋,0.333110
880,預約,0.332203
881,度,0.331979
882,引進,0.331881
883,呈,0.331382
884,不同,0.331176
885,中心,0.331052
886,基礎,0.329846
887,視角,0.329724
888,發霉,0.329334
889,床側,0.329258
890,牆上,0.329014
891,非,0.328735
892,銜接,0.328562
893,者,0.328173
894,機與,0.327305
895,品質,0.326857
896,遮雨棚,0.326801
897,推陽台,0.326300
898,爐具,0.326105
899,捷運,0.325641
900,路,0.325616
901,頂,0.325375
902,外溢,0.324821
903,端部,0.324758
904,寬裕,0.324170
905,保持,0.323849
906,外空,0.323845
907,騎車,0.323713
908,內部,0.323582
909,捲,0.323298
910,領域,0.323178
911,高空,0.322105
912,阻隔,0.320811
913,具備,0.320317
914,風扇,0.320300
915,可放備品,0.320199
916,霉斑,0.319951
917,高雄,0.319554
918,附近,0.319500
919,衣架,0.319027
920,成,0.318844
921,可當,0.318629
922,全新裝潢,0.318369
923,友善,0.318292
924,感較,0.318172
925,中間,0.317866
926,衣區,0.317573
927,樓中樓,0.317535
928,合宜,0.317480
929,僅見,0.316010
930,近橋頭,0.315684
931,顯破損,0.315524
932,大房,0.315411
933,杆,0.315040
934,城市,0.314463
935,溫暖感,0.314025
936,床尾,0.313658
937,認,0.313264
938,電源,0.312688
939,連續,0.312418
940,木櫃,0.312193
941,成型,0.312079
942,門片,0.311836
943,右昌,0.311573
944,最,0.311220
945,運動,0.310765
946,遮擋,0.309524
947,收納區,0.309047
948,帶陽台,0.309004
949,乾區,0.308290
950,突角,0.308004
951,收納足夠,0.307972
952,優質,0.307550
953,遮蔽,0.307112
954,廚房區,0.306904
955,裂痕,0.306494
956,可設,0.306403
957,一大,0.306392
958,壁掛,0.306371
959,能,0.305811
960,窗僅,0.305062
961,較少,0.304275
962,遠端,0.304124
963,後門,0.303817
964,健身,0.303813
965,或層,0.303659
966,透光,0.303473
967,皆宜,0.303411
968,不大,0.303325
969,少油,0.302838
970,依靠,0.302657
971,夜市,0.302601
972,雙扇,0.302086
973,需加,0.301902
974,分開,0.301603
975,依賴室,0.301487
976,單側,0.301098
977,臨街,0.300815
978,色調,0.299874
979,引光,0.299215
980,啟換氣,0.299191
981,濕氣,0.299058
982,形,0.297612
983,濕式,0.296879
984,交通,0.296789
985,窗利,0.296754
986,排出,0.296664
987,多層,0.296558
988,別墅,0.296518
989,童遊,0.296478
990,地下,0.296452
991,餐,0.296345
992,迫感,0.296054
993,餐桌椅,0.295919
994,小客,0.295514
995,側櫃,0.295364
996,偏窄,0.294947
997,夾層,0.294922
998,端,0.294569
999,自,0.294356
1000,設,0.293554
1001,內窗,0.292180
1002,顯壓,0.291675
1003,水槽,0.291128
1004,優,0.290686
1005,高尚,0.290289
1006,標線,0.290258
1007,待,0.290150
1008,內建書桌,0.289599
1009,停放,0.289383
1010,衛武營,0.288969
1011,高挑,0.288788
1012,清潔度,0.287642
1013,需規劃,0.287289
1014,梯間,0.287214
1015,貼,0.286830
1016,學生,0.285971
1017,多顆,0.285295
1018,進入,0.284975
1019,連貫,0.284778
1020,住宅,0.284547
1021,加蓋,0.283895
1022,顯壓迫,0.283878
1023,如,0.283740
1024,壁面,0.283638
1025,小家,0.283267
1026,腳,0.283181
1027,落塵區,0.283037
1028,櫃收納,0.282740
1029,燈帶,0.282596
1030,收納層,0.281820
1031,水泥,0.281753
1032,庭院,0.281735
1033,撞球,0.280605
1034,窗下,0.279575
1035,有利,0.278930
1036,六角,0.278515
1037,賞屋,0.278491
1038,相連,0.277812
1039,一線,0.277667
1040,健身房,0.277453
1041,配色,0.277235
1042,容量,0.276748
1043,可同時,0.276649
1044,採買,0.276347
1045,僅靠,0.275871
1046,自用,0.275438
1047,收納架,0.275280
1048,規矩,0.274664
1049,無窗,0.274502
1050,備餐,0.274439
1051,體,0.274376
1052,無壓,0.274231
1053,兼,0.274105
1054,層景,0.274059
1055,餘裕,0.272723
1056,置,0.272482
1057,改善,0.272353
1058,備料,0.272177
1059,門板,0.272137
1060,一角,0.271785
1061,廚櫃,0.271707
1062,大四,0.271657
1063,低矮,0.271369
1064,全瓷磚,0.271117
1065,電線,0.270932
1066,石材,0.270849
1067,門與,0.270546
1068,鄰,0.270419
1069,免,0.269956
1070,老派,0.269474
1071,磚面,0.269031
1072,無壓迫,0.268837
1073,可作書房,0.268543
1074,高級,0.268386
1075,隔開,0.267837
1076,畫面,0.267595
1077,看似,0.267294
1078,拋光石英磚,0.267050
1079,招待,0.265264
1080,感受,0.264935
1081,墊,0.264810
1082,交流,0.264517
1083,具陽台,0.264430
1084,床區,0.264339
1085,補足,0.263810
1086,置物架,0.263799
1087,雙面採光,0.263593
1088,門可,0.263169
1089,盥洗,0.263130
1090,初期,0.262924
1091,利空,0.262886
1092,腳感佳,0.262816
1093,一端,0.262527
1094,老化,0.262483
1095,樓梯間,0.262468
1096,不擁,0.262146
1097,壓,0.262026
1098,無內建,0.262024
1099,嬰兒,0.261961
1100,梁柱,0.261924
1101,中性,0.261574
1102,邊櫃,0.260839
1103,租客,0.260448
1104,光面,0.260365
1105,門廳,0.259978
1106,處理,0.259970
1107,親子,0.259933
1108,空白,0.259631
1109,連成,0.259617
1110,床墊,0.259508
1111,需要,0.259312
1112,醫院,0.259299
1113,見,0.259134
1114,國中,0.258943
1115,儲物間,0.258817
1116,衣空間,0.258611
1117,防油,0.258595
1118,布置,0.258292
1119,多用途,0.257476
1120,交誼廳,0.257123
1121,已設,0.256555
1122,顯老舊,0.256544
1123,橋科,0.255970
1124,安裝,0.255130
1125,留出,0.254795
1126,傳統,0.254749
1127,床外,0.254519
1128,儲物區,0.254212
1129,較弱,0.254011
1130,外牆,0.253650
1131,澄清湖,0.253523
1132,上中下,0.253299
1133,桌,0.252933
1134,大陽台,0.252822
1135,形象,0.251991
1136,槽,0.251778
1137,龍頭,0.251600
1138,啟窗,0.251215
1139,孩童,0.251196
1140,國,0.251096
1141,一目了然,0.251085
1142,雙,0.250908
1143,衛浴開窗,0.250690
1144,可曬衣,0.250454
1145,冰冷,0.250445
1146,數,0.250319
1147,直線,0.250223
1148,買,0.250135
1149,租,0.250135
1150,改造,0.250047
1151,最愛,0.249760
1152,縫,0.249550
1153,地磁,0.249424
1154,吧,0.249328
1155,適宜,0.248941
1156,做主,0.248287
1157,打掃,0.247757
1158,花灑,0.247327
1159,遼闊,0.247170
1160,多窗,0.246558
1161,一層,0.246552
1162,園區,0.246499
1163,面利,0.246111
1164,同材質,0.246017
1165,鐵門,0.245933
1166,過渡,0.245479
1167,收納鏡櫃,0.245241
1168,方型,0.245177
1169,轉折,0.244956
1170,總價,0.244627
1171,擺放動線,0.244532
1172,昏暗,0.243988
1173,車格,0.243209
1174,跑步,0.243178
1175,離近,0.243165
1176,非常,0.243017
1177,止滑磚,0.242776
1178,餐廚,0.242722
1179,比例,0.242116
1180,皆備,0.241909
1181,昏市場,0.241869
1182,連通動線,0.241845
1183,擺放彈,0.241832
1184,預算,0.241779
1185,臨路,0.241225
1186,光滑,0.241198
1187,可加設,0.241172
1188,青埔站,0.241170
1189,起居室,0.240905
1190,擴散,0.240891
1191,足,0.240762
1192,筒,0.239930
1193,由玄關,0.239641
1194,街道,0.239524
1195,有陽台,0.239225
1196,充電,0.239202
1197,視野佳,0.239067
1198,客,0.238406
1199,區隔,0.238174
1200,漂亮,0.238127
1201,式,0.237820
1202,器材,0.237813
1203,科工館,0.237753
1204,窗面,0.237628
1205,磚新穎,0.237445
1206,聚餐,0.237354
1207,鋁門,0.236777
1208,重拉,0.236714
1209,增建,0.236264
1210,示意,0.236206
1211,遊戲室,0.236004
1212,面寬,0.235764
1213,水氣,0.235477
1214,用,0.235424
1215,小空間,0.235262
1216,相鄰,0.235066
1217,種植,0.234879
1218,台,0.234816
1219,合理,0.234746
1220,已安裝,0.234672
1221,通向,0.234544
1222,不顯,0.234491
1223,全磁磚,0.234198
1224,氣流,0.233724
1225,新型,0.232635
1226,夏季,0.232360
1227,無對外,0.232300
1228,磚好,0.232166
1229,摩擦力,0.231705
1230,兩面,0.231543
1231,磚止,0.231540
1232,安全感,0.231426
1233,滑倒,0.230216
1234,乾燥,0.230031
1235,受潮,0.229784
1236,堆放,0.229542
1237,合一,0.229350
1238,之間,0.228955
1239,線板,0.228691
1240,現代化,0.228538
1241,雨淋,0.227578
1242,雙面,0.227000
1243,非特別,0.226945
1244,椅子,0.226660
1245,價值,0.226655
1246,大小,0.226598
1247,電磁爐,0.226303
1248,區與馬桶,0.226295
1249,縫隙,0.226193
1250,無電梯,0.225885
1251,單人房,0.225599
1252,鍋具,0.225191
1253,遊戲,0.225063
1254,裸露,0.224930
1255,易積,0.224878
1256,過道,0.224822
1257,降板,0.224645
1258,以室,0.224538
1259,碗,0.224527
1260,合住,0.224411
1261,可放物,0.224337
1262,薄紗,0.224260
1263,工作桌,0.224083
1264,烤箱,0.224040
1265,可依,0.223836
1266,納足夠,0.222667
1267,磁,0.222162
1268,廳區,0.221957
1269,接待,0.221827
1270,防濺,0.221668
1271,客浴,0.221595
1272,中型,0.221375
1273,壅,0.221304
1274,標示,0.220836
1275,住家,0.220687
1276,安心,0.220668
1277,自由,0.220546
1278,沿牆,0.220469
1279,建工,0.220424
1280,顏色,0.220291
1281,多處,0.220151
1282,訪客,0.220002
1283,通勤,0.219977
1284,積磁磚,0.219917
1285,專約,0.219619
1286,不利,0.219566
1287,街景,0.219360
1288,同住,0.219029
1289,避雨,0.218765
1290,面連續,0.218727
1291,租屋,0.218585
1292,半,0.218356
1293,時間,0.218322
1294,符合,0.217803
1295,止滑,0.217636
1296,無多餘,0.217632
1297,加設,0.217535
1298,隱私性,0.216926
1299,納,0.216819
1300,顯遮擋,0.216418
1301,好維護,0.216349
1302,多樣,0.216264
1303,滑門,0.216201
1304,得,0.215226
1305,教室,0.215184
1306,文化,0.215031
1307,牆角,0.214755
1308,雨天,0.214269
1309,窗可開,0.214015
1310,單向,0.213944
1311,頂燈,0.213694
1312,廁所,0.213410
1313,附床,0.213078
1314,陽台利,0.212463
1315,過敏,0.212289
1316,距離近,0.212214
1317,霉味,0.212004
1318,專屬,0.211933
1319,建材,0.211829
1320,短,0.211819
1321,商業,0.211596
1322,中上,0.211574
1323,遮雨,0.210578
1324,分界,0.210549
1325,主衛浴,0.210471
1326,衛浴門,0.210438
1327,電扇,0.210031
1328,櫃與馬桶,0.209671
1329,紅,0.209594
1330,洗漱,0.209477
1331,線路,0.209353
1332,照度,0.209205
1333,停車位,0.209147
1334,全套,0.209125
1335,啟利,0.208896
1336,面長,0.208864
1337,質感佳,0.208600
1338,多台,0.208479
1339,單身,0.208079
1340,土庫,0.207892
1341,抽風,0.207736
1342,前期,0.207621
1343,族群,0.207617
1344,衣桿,0.207598
1345,美觀,0.207537
1346,可掛,0.207328
1347,可調,0.206961
1348,阻礙,0.206032
1349,收納牆,0.205756
1350,半開放,0.205565
1351,塊,0.205545
1352,中正,0.205423
1353,雙車,0.204870
1354,外界,0.204571
1355,隔熱,0.204488
1356,觀宅,0.204475
1357,仕隆國,0.204117
1358,共享,0.203894
1359,施工,0.203668
1360,現代風,0.203576
1361,各,0.203574
1362,豪墅,0.203092
1363,俯視,0.202972
1364,遠離,0.202854
1365,吊隱式,0.202659
1366,增值,0.202651
1367,吊扇,0.202243
1368,內外,0.202132
1369,距足夠,0.201941
1370,寬闊,0.201717
1371,顯區,0.201675
1372,孔,0.201600
1373,使用方便,0.201589
1374,接陽台,0.201289
1375,上層,0.201197
1376,氛圍,0.200896
1377,三代同堂,0.200341
1378,清潔維護,0.200331
1379,橫,0.200290
1380,收納佳,0.200014
1381,外門,0.199944
1382,推拉,0.199513
1383,推空間,0.199039
1384,背板,0.198979
1385,暗,0.198585
1386,接送,0.198584
1387,戶外,0.198562
1388,房屋,0.198413
1389,組,0.198346
1390,桶區,0.197678
1391,簡餐,0.197637
1392,雙側,0.197562
1393,正,0.197413
1394,主臥衛浴,0.197265
1395,勁捷,0.197024
1396,順手,0.196794
1397,清潔易,0.196732
1398,備有,0.196523
1399,設備間,0.196400
1400,啟排,0.196317
1401,並有,0.195890
1402,抽油煙,0.195765
1403,掛,0.195738
1404,評估,0.195665
1405,採光井,0.195518
1406,區有,0.194830
1407,眺望,0.194445
1408,光為,0.194345
1409,南北,0.194328
1410,組合,0.194044
1411,走道區,0.194023
1412,微波,0.193990
1413,脫落,0.193918
1414,細長,0.193586
1415,梯,0.193061
1416,雙窗,0.193008
1417,大東捷,0.192984
1418,時容納,0.192895
1419,金屬,0.192773
1420,號,0.192552
1421,戲室,0.192483
1422,有外,0.192347
1423,不算,0.192109
1424,梳妝,0.191871
1425,洗,0.191794
1426,氣,0.191272
1427,公室,0.191160
1428,感明顯,0.191034
1429,不佳,0.191025
1430,米,0.190854
1431,一致性,0.190563
1432,房車,0.189079
1433,排煙,0.188859
1434,可排,0.188729
1435,木色,0.188700
1436,右昌國,0.188598
1437,格柵,0.187414
1438,擦洗,0.187259
1439,蓮蓬,0.187242
1440,藏式,0.187197
1441,隱,0.187197
1442,餐區,0.187061
1443,數量,0.186700
1444,視野較,0.186611
1445,高腳椅,0.186442
1446,隱私度,0.185906
1447,面可放,0.185675
1448,窗與門,0.185306
1449,洗手盆,0.185238
1450,臨,0.185049
1451,中小,0.184895
1452,下廚,0.184764
1453,客人,0.184649
1454,補光,0.184058
1455,溫馨,0.183776
1456,可停,0.183638
1457,櫥,0.183345
1458,迎賓,0.183176
1459,窗景,0.183094
1460,足以,0.183056
1461,穿堂,0.182511
1462,顯緊,0.182481
1463,快速,0.182391
1464,左側,0.182018
1465,窗框,0.181975
1466,戲區,0.181911
1467,車墅,0.181899
1468,幫助,0.181680
1469,私密,0.181630
1470,內裝,0.181615
1471,尚未,0.181606
1472,綠意,0.181345
1473,問題,0.181337
1474,修衛浴,0.181323
1475,第一,0.181289
1476,花紋,0.181117
1477,接上,0.181088
1478,收納機,0.181029
1479,電,0.180978
1480,收納系統,0.180962
1481,窗與陽,0.180754
1482,儲藏,0.180657
1483,積瓷,0.180603
1484,明火,0.180405
1485,不便,0.179618
1486,備品,0.179508
1487,森林,0.179502
1488,洗浴,0.179473
1489,面易,0.179310
1490,精美,0.179175
1491,屋,0.178831
1492,軟裝,0.178681
1493,滿足,0.178553
1494,系統,0.178459
1495,白磚,0.178456
1496,清爽,0.178344
1497,文武,0.177796
1498,百市,0.177796
1499,近家樂福,0.177637
1500,外濺,0.177565
1501,台面,0.177449
1502,處,0.177410
1503,稱,0.177410
1504,反射,0.177023
1505,邊間,0.176940
1506,進光,0.176472
1507,噴槍,0.176216
1508,末端,0.176124
1509,照片,0.176042
1510,款式,0.175658
1511,屋主,0.175517
1512,擺放床,0.175405
1513,連,0.175305
1514,接客,0.175305
1515,地下室,0.175252
1516,買屋,0.175132
1517,易潮,0.174745
1518,街口,0.174728
1519,複,0.174428
1520,調節,0.174237
1521,櫃收,0.174193
1522,岡山,0.174150
1523,防霉,0.174141
1524,市中心,0.174035
1525,精,0.173979
1526,加軌,0.173940
1527,車輛,0.173906
1528,感大,0.173846
1529,各房,0.173656
1530,停,0.173580
1531,主浴,0.173360
1532,d,0.173197
1533,擺放書桌,0.173162
1534,汽車,0.173158
1535,條形,0.172931
1536,外景,0.172865
1537,成本低,0.172379
1538,無獨立,0.172213
1539,木,0.172060
1540,品牌,0.172060
1541,很,0.171900
1542,共用,0.171866
1543,電腦,0.171866
1544,和室,0.171708
1545,過,0.171547
1546,預,0.171410
1547,新婚,0.170926
1548,民族,0.170843
1549,靜音,0.170740
1550,摩擦,0.170740
1551,為書房,0.170560
1552,家,0.170513
1553,浴簾,0.170290
1554,兩扇,0.170265
1555,人造,0.170148
1556,頭櫃,0.170001
1557,推測,0.170001
1558,有空,0.169945
1559,无遮挡,0.169824
1560,區分開,0.169786
1561,莒光,0.169731
1562,斜角,0.169302
1563,無大,0.169166
1564,溜滑梯,0.168990
1565,由門口,0.168955
1566,效果,0.168705
1567,影音,0.168655
1568,燈槽,0.168621
1569,停車區,0.168475
1570,不怕,0.168413
1571,顯得,0.168366
1572,洗手,0.167947
1573,餐客,0.167693
1574,適合書房,0.167667
1575,三面,0.167424
1576,泳池,0.167382
1577,瑕疵,0.167299
1578,露台,0.167138
1579,燕南,0.167100
1580,科未來,0.167100
1581,鄰橋,0.167100
1582,鄰寶雅,0.167100
1583,鏡前,0.167033
1584,開門,0.166913
1585,加強,0.166835
1586,老屋,0.166831
1587,中段,0.166705
1588,主未見,0.166496
1589,尚,0.166492
1590,略顯,0.166375
1591,勁,0.166329
1592,性大,0.166314
1593,對長,0.166207
1594,有鐵窗,0.166174
1595,下層,0.166156
1596,磚無明,0.166098
1597,仁雄,0.166047
1598,橫向,0.165877
1599,雙人,0.165803
1600,歐式,0.165761
1601,掛式,0.165677
1602,專用,0.165674
1603,燈源,0.165637
1604,適合當,0.165569
1605,面空間,0.165412
1606,可分,0.165356
1607,排,0.165057
1608,煮,0.165006
1609,牆邊,0.164911
1610,選擇,0.164776
1611,分客,0.164441
1612,大客,0.164423
1613,無現,0.164301
1614,呵,0.164241
1615,區塊,0.164181
1616,一戶,0.164136
1617,至陽台,0.163799
1618,臨外側,0.163673
1619,隱藏,0.163525
1620,帝王,0.163493
1621,外機,0.163421
1622,循環,0.163408
1623,即,0.163367
1624,僅容,0.163222
1625,柱位,0.163150
1626,受,0.163117
1627,兩窗,0.163049
1628,深處,0.163028
1629,加,0.162967
1630,閱讀區,0.162859
1631,縱,0.162776
1632,狀態,0.162611
1633,整新,0.162343
1634,一窗,0.162146
1635,兩口,0.162079
1636,隔壁,0.162033
1637,來源,0.161864
1638,較易,0.161861
1639,附沙發,0.161842
1640,整室,0.161734
1641,陳,0.161476
1642,採光間,0.161306
1643,性高,0.161268
1644,或家電,0.161218
1645,高大,0.160989
1646,塑膠,0.160915
1647,清晰,0.160914
1648,適合養,0.160827
1649,擺位,0.160585
1650,偏長,0.160578
1651,兼顧,0.160517
1652,一面,0.160482
1653,交屋,0.160426
1654,進光足,0.160336
1655,迴,0.160336
1656,耐看,0.160296
1657,裝,0.159803
1658,整齊,0.159536
1659,距大,0.159312
1660,櫃與側,0.159293
1661,另購,0.159226
1662,內運動,0.158756
1663,全開,0.158756
1664,省,0.158750
1665,裝燈,0.158741
1666,整個,0.158741
1667,四面,0.158208
1668,多車位,0.158172
1669,適合主臥,0.157865
1670,懸掛式,0.157801
1671,無拉門,0.157752
1672,出口,0.157625
1673,柱感,0.157548
1674,有書桌,0.157443
1675,視聽,0.157400
1676,加收,0.157128
1677,未明顯,0.156734
1678,已裝修,0.156733
1679,狹窄,0.156702
1680,照射,0.156296
1681,水泥地,0.156262
1682,白面,0.156256
1683,書櫃,0.156182
1684,可加書桌,0.156169
1685,與門,0.156043
1686,對面,0.155958
1687,果菜,0.155958
1688,單,0.155886
1689,或次,0.155846
1690,換新,0.155775
1691,不影響,0.155106
1692,可帶,0.155002
1693,手持,0.154871
1694,百葉,0.154662
1695,台大,0.154051
1696,陽,0.154051
1697,依,0.153873
1698,配件,0.153819
1699,漢神百貨,0.153769
1700,面筆,0.153753
1701,大幅,0.153712
1702,永久,0.153184
1703,方向,0.152970
1704,門上,0.152867
1705,社交,0.152779
1706,出,0.152333
1707,國小學區,0.152332
1708,營造,0.152258
1709,拎包入住,0.152169
1710,感重,0.152024
1711,數客,0.151971
1712,路徑,0.151686
1713,近在咫尺,0.151567
1714,感舒適,0.151503
1715,街,0.151403
1716,僅有,0.150744
1717,預留家電,0.150637
1718,偏高,0.150465
1719,安靜感,0.150299
1720,新成,0.150077
1721,輪流,0.149915
1722,免治馬桶,0.149757
1723,顯凌亂,0.149669
1724,關門,0.149532
1725,好裝修,0.149355
1726,重,0.149060
1727,讀書,0.148955
1728,前廳,0.148760
1729,吊掛,0.148730
1730,嵌入式,0.148675
1731,規律,0.148119
1732,同樣,0.148037
1733,可收納,0.147880
1734,連通衛浴,0.147297
1735,形空間,0.147297
1736,臨近,0.147022
1737,材料,0.147005
1738,運用,0.146326
1739,全棟,0.146036
1740,四人,0.146005
1741,水漬,0.145952
1742,前側,0.145948
1743,燈為,0.145610
1744,鋪設,0.145504
1745,但視覺,0.145504
1746,小光線,0.145475
1747,窗光線,0.145326
1748,適用,0.145202
1749,僅端,0.144949
1750,促進,0.144879
1751,前鎮,0.144879
1752,電動車,0.144809
1753,充電樁,0.144809
1754,強,0.144715
1755,較窄,0.144586
1756,編號,0.144518
1757,欠佳,0.144453
1758,刺眼,0.144417
1759,架空,0.144205
1760,族,0.144132
1761,給有,0.143896
1762,前後大陽台,0.143776
1763,沖,0.143473
1764,外觀,0.143452
1765,大仁國,0.143420
1766,全包,0.143297
1767,單排,0.143262
1768,互通,0.142981
1769,補強,0.142946
1770,之後加裝,0.142656
1771,外出,0.141733
1772,幾乎,0.141696
1773,多數,0.141669
1774,地毯,0.141613
1775,櫃規劃,0.141422
1776,廠區,0.141422
1777,窗簾過,0.141209
1778,台門利,0.141163
1779,數較,0.140973
1780,風門,0.140434
1781,性佳,0.140316
1782,直射光,0.140158
1783,中學,0.139988
1784,賺,0.139906
1785,較差,0.139864
1786,需檢查,0.139761
1787,氣窗,0.139710
1788,似為,0.139632
1789,雙陽台,0.139632
1790,較潮,0.139567
1791,開放書架,0.139238
1792,小衛浴,0.139220
1793,贈,0.138796
1794,配電,0.138390
1795,不宜,0.138390
1796,灰白,0.138386
1797,劃分,0.138386
1798,就業,0.138358
1799,藏污,0.138137
1800,suv,0.138105
1801,大馬路,0.138031
1802,工作台,0.137999
1803,應為,0.137957
1804,園,0.137909
1805,衛生間,0.137792
1806,油污,0.137701
1807,食品,0.137679
1808,坐在,0.137647
1809,桌好,0.137439
1810,側門,0.137432
1811,新穩,0.137394
1812,設易,0.137394
1813,上菜,0.137394
1814,可規劃餐,0.137293
1815,辦,0.137253
1816,雙層,0.137178
1817,以上,0.137047
1818,洗碗,0.137038
1819,窗區,0.136972
1820,水器,0.136914
1821,易噴濕,0.136499
1822,地材,0.136361
1823,可外,0.136222
1824,賴燈光,0.135475
1825,可遮風,0.135139
1826,愛,0.134900
1827,端菜,0.134900
1828,平直,0.134882
1829,窗門,0.134832
1830,退縮,0.134651
1831,可擺放,0.134651
1832,含沙,0.134648
1833,積大,0.134637
1834,高木,0.134574
1835,拉簾,0.134574
1836,風極佳,0.134409
1837,預留線,0.134409
1838,雙開,0.134326
1839,寬足夠,0.134326
1840,鐵,0.134254
1841,戶利,0.134092
1842,風機,0.134074
1843,面磁磚,0.134074
1844,旁邊,0.133935
1845,遠景,0.133843
1846,氣氛,0.133779
1847,面皆為,0.133709
1848,鞋,0.133704
1849,尚算,0.133531
1850,懸空,0.133372
1851,早晚,0.133227
1852,隊,0.133227
1853,需排,0.133227
1854,製,0.133183
1855,棟,0.133183
1856,磚與,0.132870
1857,潔具,0.132755
1858,輪椅,0.132706
1859,窗前,0.132691
1860,窗換氣,0.132637
1861,校區,0.132498
1862,洽詢,0.132397
1863,前段,0.132397
1864,端正,0.132348
1865,坐式,0.132287
1866,藏,0.132118
1867,私,0.131975
1868,開動線,0.131790
1869,電賞,0.131669
1870,用具,0.131669
1871,座,0.131669
1872,舒服,0.131572
1873,床具,0.131366
1874,前後採光,0.131294
1875,核心,0.131268
1876,體多,0.131210
1877,角窗,0.131210
1878,床底,0.131176
1879,側,0.131156
1880,爐位,0.131150
1881,附陽,0.130988
1882,等候,0.130763
1883,天,0.130728
1884,未明,0.130686
1885,耐油,0.130543
1886,休閒區,0.130543
1887,閉式,0.130540
1888,好放床,0.130471
1889,預留位,0.130471
1890,區無,0.130471
1891,大磚,0.130451
1892,新淨,0.130451
1893,另外,0.130202
1894,皆佳,0.130172
1895,三扇,0.130155
1896,刮好,0.130155
1897,沙發前,0.130151
1898,超,0.129989
1899,多種,0.129989
1900,氣派,0.129989
1901,戶會客,0.129989
1902,投入,0.129981
1903,家樂福,0.129827
1904,新楠,0.129827
1905,書籍,0.129759
1906,櫃可放,0.129705
1907,臨鄰棟,0.129665
1908,廁及,0.129619
1909,水易,0.129619
1910,潮氣,0.129569
1911,會客,0.129565
1912,百葉門,0.129426
1913,櫃台區,0.129384
1914,乳膠,0.129165
1915,喜好,0.129102
1916,適合放,0.129069
1917,可劃,0.128919
1918,隔油,0.128901
1919,踢,0.128829
1920,腳線,0.128829
1921,含窗,0.128576
1922,收納待,0.128443
1923,洗澡水,0.128087
1924,苓,0.128002
1925,成家,0.127846
1926,沐丰,0.127820
1927,人文,0.127820
1928,新穎好,0.127757
1929,階梯,0.127689
1930,成形,0.127644
1931,防止,0.127623
1932,附陽台,0.127499
1933,按摩椅,0.127463
1934,平滑,0.127463
1935,現有,0.127463
1936,止,0.127083
1937,賴排,0.127045
1938,方便管理,0.127013
1939,電管線,0.126972
1940,留水,0.126972
1941,第二,0.126958
1942,下樓,0.126945
1943,廁區,0.126907
1944,作為,0.126897
1945,工具,0.126897
1946,迫視線,0.126862
1947,衛浴區,0.126862
1948,周圍,0.126734
1949,公有,0.126638
1950,寧靜,0.126259
1951,拉上,0.126225
1952,特大,0.126171
1953,過敏族,0.126171
1954,網路,0.126116
1955,一排,0.126006
1956,過度,0.126006
1957,封閉式,0.125923
1958,亮,0.125889
1959,設備位,0.125786
1960,視,0.125661
1961,同型,0.125661
1962,烹煮,0.125655
1963,看不見,0.125621
1964,合,0.125553
1965,但略,0.125526
1966,門與側,0.125526
1967,具食材,0.125521
1968,稍重,0.125409
1969,洗切,0.125353
1970,采光,0.125264
1971,半高磁磚,0.125204
1972,防,0.125204
1973,細節,0.125185
1974,分布,0.125185
1975,抵達,0.125086
1976,看見,0.125046
1977,設櫃體,0.124840
1978,區未見,0.124840
1979,機器,0.124792
1980,未必,0.124598
1981,鞋區,0.124544
1982,易濕,0.124531
1983,鏡,0.124339
1984,秩序,0.124323
1985,中小型,0.124315
1986,紋理,0.124205
1987,可照,0.124087
1988,開放區域,0.124033
1989,稍低,0.123935
1990,樓下,0.123935
1991,俯瞰,0.123920
1992,動線略,0.123833
1993,可租,0.123803
1994,積亮,0.123761
1995,夫妻,0.123428
1996,b1,0.123428
1997,轉彎,0.123428
1998,路口,0.123381
1999,感覺,0.123338
2000,情侶,0.123121
2001,啟通風,0.123050
2002,好屋,0.122860
2003,直射,0.122723
2004,動範圍,0.122594
2005,拉門明,0.122558
2006,日常用品,0.122459
2007,小北百貨,0.122435
2008,設計利,0.122432
2009,侷,0.122370
2010,軸線,0.122370
2011,度足夠,0.122343
2012,附設,0.122269
2013,轉角,0.122269
2014,自備,0.122237
2015,一字,0.122084
2016,損傷,0.121821
2017,多向,0.121728
2018,上排,0.121691
2019,貼磚,0.121347
2020,或長,0.121300
2021,感低,0.121276
2022,中央,0.121143
2023,易清洗,0.121101
2024,靈活,0.120995
2025,不受,0.120973
2026,長條,0.120973
2027,量,0.120764
2028,分側,0.120764
2029,學校,0.120764
2030,光照,0.120555
2031,自由度,0.120421
2032,或僅,0.120394
2033,社區質,0.120322
2034,才能,0.120293
2035,雜亂,0.120293
2036,全靠,0.120261
2037,窗與後門,0.120192
2038,不壓,0.120045
2039,鄰室,0.119945
2040,前門,0.119896
2041,素牆,0.119896
2042,現為,0.119896
2043,無價,0.119871
2044,回家,0.119871
2045,廊,0.119871
2046,僅此,0.119728
2047,存在,0.119656
2048,壁櫃,0.119617
2049,欄杆利,0.119614
2050,降溫,0.119572
2051,可加置,0.119546
2052,玻璃窗,0.119483
2053,可置物,0.119428
2054,磚狀況,0.119356
2055,佔據,0.119074
2056,掛衣區,0.119072
2057,規模,0.118973
2058,床下,0.118973
2059,收納多,0.118908
2060,風較,0.118892
2061,從,0.118892
2062,陰暗,0.118860
2063,顯隔間,0.118844
2064,牆面易,0.118811
2065,穿透,0.118614
2066,磁磚易,0.118473
2067,現代感,0.118410
2068,有室,0.118161
2069,掌握,0.118161
2070,並存,0.118109
2071,澄,0.117950
2072,e,0.117936
2073,費,0.117868
2074,可視,0.117844
2075,陽台間,0.117657
2076,糧,0.117657
2077,公車,0.117562
2078,高牆,0.117497
2079,壓縮,0.117468
2080,稍弱,0.117449
2081,流佳,0.117420
2082,屋頂,0.117415
2083,壓頂,0.117377
2084,三代,0.117304
2085,近距,0.117304
2086,吃,0.117304
2087,一市,0.117304
2088,作主,0.117266
2089,頂棚,0.117177
2090,窗戶僅,0.117156
2091,得到,0.116790
2092,子房,0.116786
2093,或親,0.116786
2094,大利,0.116749
2095,剛好,0.116541
2096,宅,0.116460
2097,一扇,0.116388
2098,死角,0.116273
2099,相當,0.116206
2100,一致,0.116197
2101,外人,0.116197
2102,感且,0.116195
2103,全封閉,0.116174
2104,感好,0.116058
2105,表面,0.116020
2106,就緒,0.115980
2107,一氣,0.115980
2108,較悶,0.115912
2109,門口區,0.115864
2110,具有,0.115685
2111,適合加,0.115679
2112,厝,0.115572
2113,度低,0.115410
2114,搭,0.115410
2115,加上,0.115372
2116,黑白,0.115315
2117,可彈,0.115315
2118,內庭,0.115315
2119,地墊,0.115102
2120,亂,0.115102
2121,上空,0.115080
2122,緻,0.115031
2123,權狀,0.114865
2124,登記,0.114865
2125,不會,0.114666
2126,消防,0.114514
2127,燈覆蓋,0.114421
2128,凌亂,0.114390
2129,書架,0.114390
2130,產生,0.114329
2131,邊牆,0.114296
2132,重金,0.114193
2133,窗帶,0.114125
2134,防墜,0.114125
2135,有明,0.114124
2136,流,0.114046
2137,灑入,0.114046
2138,反,0.113994
2139,光度,0.113994
2140,曬區,0.113978
2141,調整,0.113954
2142,順直,0.113827
2143,顯裂,0.113825
2144,視野受,0.113735
2145,窗戶位,0.113647
2146,積塵,0.113641
2147,顯擁,0.113620
2148,道區,0.113599
2149,高檔,0.113594
2150,仍佳,0.113543
2151,收納間,0.113543
2152,比,0.113508
2153,三間,0.113483
2154,無需,0.113400
2155,引風,0.113294
2156,開車,0.113285
2157,飲食,0.113285
2158,或放,0.113185
2159,少量,0.113147
2160,稍顯,0.113142
2161,寢具,0.113003
2162,僅一側,0.112945
2163,改為,0.112934
2164,受傷,0.112918
2165,攀爬,0.112918
2166,兩房,0.112918
2167,門但,0.112907
2168,到門口,0.112907
2169,梯區,0.112895
2170,認排,0.112846
2171,斜,0.112802
2172,濕滑,0.112759
2173,河畔,0.112720
2174,區設,0.112626
2175,線性,0.112626
2176,可兼作,0.112604
2177,次浴,0.112526
2178,兩向開,0.112520
2179,左右,0.112448
2180,縫隙利,0.112435
2181,四人桌,0.112379
2182,軍校,0.112379
2183,水花,0.112361
2184,實心門,0.112344
2185,現場,0.112227
2186,環保室,0.112206
2187,吵,0.112206
2188,戶聚會,0.112206
2189,儲物室,0.112200
2190,側向,0.112200
2191,推窗,0.112120
2192,排列,0.112009
2193,倉庫,0.112009
2194,優勢,0.111929
2195,域分,0.111897
2196,孝親房,0.111897
2197,使,0.111897
2198,童遊戲,0.111731
2199,卡,0.111698
2200,保護,0.111291
2201,獨立區,0.111161
2202,更顯,0.111071
2203,佔,0.111018
2204,外陽台,0.110940
2205,大容量,0.110845
2206,大地,0.110798
2207,數大,0.110798
2208,尚佳,0.110642
2209,背牆,0.110560
2210,毛巾,0.110466
2211,掛架,0.110466
2212,新作,0.110303
2213,臥室門,0.110054
2214,氣循環,0.110020
2215,老,0.110020
2216,兩端,0.109913
2217,效率,0.109835
2218,較間,0.109835
2219,面材,0.109436
2220,玄關櫃,0.109436
2221,縱深,0.109402
2222,現,0.109402
2223,用地,0.109380
2224,專,0.109380
2225,擋,0.109137
2226,遮,0.109137
2227,派,0.108930
2228,六人,0.108779
2229,四到,0.108779
2230,餐邊櫃,0.108779
2231,質感且,0.108725
2232,開放欄,0.108605
2233,內機,0.108419
2234,大適,0.108393
2235,僅一,0.108290
2236,含陽,0.108265
2237,需長,0.108217
2238,拖,0.108197
2239,超高,0.108156
2240,僅機械,0.108094
2241,孩子,0.108094
2242,搬入,0.108094
2243,簡單易,0.107871
2244,支出,0.107797
2245,出風口,0.107654
2246,防雨,0.107514
2247,大可,0.107499
2248,成員,0.107499
2249,邊層,0.107106
2250,潛在,0.107048
2251,翹曲,0.106974
2252,接燈,0.106913
2253,通風排,0.106903
2254,人房,0.106903
2255,須,0.106903
2256,合租,0.106891
2257,簡約,0.106891
2258,美觀且,0.106891
2259,就醫,0.106754
2260,燈光線,0.106638
2261,重新配置,0.106325
2262,另一端,0.106319
2263,積開,0.106319
2264,獨立門戶,0.106179
2265,可免,0.106083
2266,易保養,0.106076
2267,濾,0.105293
2268,窗有,0.105191
2269,內建大,0.105191
2270,鍋碗,0.105074
2271,通風孔,0.104907
2272,6,0.104907
2273,為次,0.104859
2274,堆積,0.104812
2275,離大,0.104793
2276,體齊全,0.104793
2277,區距,0.104793
2278,無可見,0.104778
2279,錢,0.104778
2280,可店,0.104778
2281,精華熱鬧,0.104778
2282,次衛浴,0.104745
2283,靠側,0.104696
2284,略有,0.104559
2285,無柱,0.103957
2286,商家,0.103924
2287,車流,0.103900
2288,日間,0.103894
2289,仔,0.103852
2290,粗糙,0.103735
2291,兩向,0.103701
2292,門旁,0.103682
2293,線條,0.103381
2294,數臥室,0.103367
2295,完成度,0.103153
2296,照亮,0.103153
2297,幾何,0.102913
2298,內光線,0.102913
2299,靜巷,0.102857
2300,適合掛,0.102777
2301,窗加,0.102562
2302,儲物房,0.102514
2303,改作,0.102514
2304,鋪磚,0.102479
2305,七米,0.102422
2306,缺乏,0.102261
2307,沙發到,0.102247
2308,之家,0.102247
2309,美麗島,0.101801
2310,靠門,0.101500
2311,顯磨損,0.101493
2312,木皮,0.101493
2313,地易,0.101441
2314,舊式,0.101441
2315,度高,0.101238
2316,各自,0.101238
2317,含書桌,0.101238
2318,板材,0.100953
2319,商用,0.100875
2320,大可放,0.100700
2321,小層,0.100453
2322,為主臥,0.100453
2323,菸,0.100232
2324,全景,0.100232
2325,配合,0.100232
2326,可安裝,0.100214
2327,嚴重,0.100054
2328,並利,0.099754
2329,床前,0.099712
2330,四房,0.099416
2331,小櫃,0.098949
2332,再加,0.098876
2333,步行,0.098813
2334,舒,0.098640
2335,適度,0.098640
2336,進門,0.098640
2337,特寫,0.098634
2338,臨外,0.098416
2339,採購,0.098271
2340,磚泛,0.098128
2341,雖,0.098050
2342,破損,0.098050
2343,側面,0.097685
2344,帶陽,0.097685
2345,發與,0.097257
2346,遠,0.096226
2347,僅室,0.095074
2348,重配,0.094440
2349,更衣室,0.094305
2350,質,0.094305
2351,扇,0.093553
2352,含樓,0.093553
2353,僅遠,0.093310
2354,進口,0.092026
2355,頻率,0.092026
2356,需機械,0.091128
2357,油煙機,0.091093
2358,喜歡,0.089799
2359,有磨損,0.089799
2360,雖老舊,0.089799
2361,潮痕,0.089799
2362,化妝區,0.089567
2363,打開,0.087385
