"",詞彙,次數
0,空間,672
1,採光,533
2,收納,346
3,牆面,319
4,通風,315
5,客廳,309
6,窗戶,271
7,適合,258
8,好,251
9,良好,233
10,家具,229
11,方便,205
12,衣櫃,202
13,設備,190
14,動線,189
15,充足,179
16,臥室,179
17,地面,175
18,大,174
19,天花,168
20,衛浴,166
21,地板,165
22,尚可,163
23,配置,154
24,磁磚,154
25,規劃,151
26,自然光,146
27,使用,141
28,長,139
29,馬,137
30,桶,131
31,廚房,131
32,一般,127
33,區,126
34,寬,124
35,高度,123
36,格局,122
37,方正,122
38,淋浴,121
39,一,121
40,可能,120
41,照明,119
42,完整,118
43,玻璃,116
44,浴室,112
45,窗,110
46,敞,108
47,通風佳,106
48,道,105
49,基本,104
50,佳,104
51,檯,104
52,走,99
53,無,99
54,未見,98
55,新穎,97
56,清潔,97
57,外窗,97
58,採光佳,96
59,家庭,95
60,舒適,93
61,沙發,91
62,洗手台,91
63,櫃體,90
64,裝潢,90
65,冷氣,88
66,內,87
67,普通,87
68,不,87
69,大面,87
70,合作,85
71,適,84
72,提供,84
73,房間,84
74,多,82
75,地坪,82
76,收納櫃,81
77,齊全,80
78,主臥,80
79,地磚,80
80,餐廳,79
81,提升,79
82,落地窗,79
83,順暢,79
84,格局方正,77
85,燈,77
86,面,76
87,獨立,75
88,安全,75
89,書桌,74
90,皆,73
91,間,73
92,插座,73
93,不足,72
94,設計,72
95,室,71
96,牆,71
97,木紋,71
98,近,70
99,活動,69
100,壓迫,69
101,二,68
102,直接,67
103,新,67
104,有限,67
105,燈光,67
106,中等,66
107,床,65
108,工作,65
109,小,64
110,乾濕分離,64
111,足夠,63
112,明亮,61
113,易,61
114,開啟,60
115,增加,60
116,單面,60
117,清楚,60
118,樓梯,59
119,玄關,59
120,仍,59
121,新式,58
122,引入,58
123,多功能,57
124,餐桌,57
125,大窗,57
126,型,57
127,房,57
128,高,56
129,次,56
130,臥,55
131,感,55
132,客餐廳,55
133,狀況,54
134,外,54
135,書房,54
136,上下,53
137,留白,53
138,陽台,53
139,擺放,52
140,小窗,52
141,樑,52
142,易清潔,52
143,翻新,51
144,整面,51
145,集中,51
146,減少,49
147,預留,49
148,雙人床,49
149,曬,49
150,電視櫃,49
151,茶几,49
152,公尺,48
153,防滑,47
154,電視牆,47
155,搭配,47
156,窗簾,46
157,對流,46
158,規則,46
159,光線,46
160,狹長,46
161,方形,45
162,管線,45
163,整體,45
164,另,45
165,大量,45
166,整理,45
167,採,44
168,商圈,44
169,機能,44
170,無明顯,44
171,瓦斯爐,44
172,乾濕,44
173,光通,43
174,大型,43
175,套房,42
176,洗衣,42
177,公共,42
178,分區,42
179,清理,42
180,入住,41
181,流理台,41
182,社區,41
183,彈性,41
184,淺色,41
185,展示,41
186,主要,40
187,明確,40
188,擺,40
189,距離,40
190,風,40
191,浴缸,39
192,出入口,39
193,分離,39
194,視覺,39
195,留意,39
196,排風,39
197,老舊,39
198,開放式,38
199,房型,38
200,拋光磚,38
201,隱私,38
202,電視,37
203,平整,37
204,人工,37
205,用餐,36
206,下方,36
207,室內,36
208,木地板,35
209,可放,35
210,固定,35
211,門,35
212,矩形,34
213,容易,34
214,大面積,34
215,隔間,34
216,私密性,33
217,兩側,33
218,側窗,33
219,淋浴間,33
220,寵物,33
221,架,33
222,耐磨,33
223,一體,33
224,自然,33
225,後陽台,33
226,位置,32
227,開窗,32
228,自行,32
229,雜物,32
230,利用,32
231,排水,32
232,無明,32
233,適中,32
234,拉門,32
235,廳,32
236,面盆,32
237,隔音,32
238,居住,32
239,可開,31
240,明顯,31
241,條件,31
242,落地,31
243,完全,31
244,防水,31
245,需注意,31
246,大片,31
247,小孩,31
248,尺寸,31
249,角度,31
250,睡眠,31
251,區域,30
252,更新,30
253,上方,30
254,燈具,30
255,層,30
256,儲物,30
257,略,29
258,地,29
259,流通,29
260,晾衣,29
261,近公園,29
262,一側,29
263,看不到,28
264,料理,28
265,廚具,28
266,已有,28
267,櫥櫃,28
268,留有,28
269,濕,28
270,到,28
271,公園,28
272,噪音,27
273,分明,27
274,感佳,27
275,隔,27
276,木作,27
277,空氣,27
278,對外,27
279,嵌燈,27
280,影響,27
281,可規劃,27
282,櫃,26
283,均,26
284,亮度,26
285,高樓,26
286,可見,26
287,外側,26
288,操作,26
289,寬度,26
290,市立,26
291,生活,26
292,油煙,26
293,形成,26
294,隱私佳,25
295,走道,25
296,整修,25
297,景觀,25
298,延伸,25
299,光源,25
300,一樓,25
301,入口,25
302,陽台門,25
303,依賴,25
304,外露,25
305,僅,25
306,家電,25
307,現成,24
308,鏡櫃,24
309,同一,24
310,書,24
311,層高,24
312,部分,24
313,平台,24
314,距,24
315,放大,24
316,裝修,24
317,維護,24
318,工作室,24
319,床頭櫃,23
320,無對,23
321,開口,23
322,床位,23
323,掃,23
324,湊,23
325,可作,23
326,便利,23
327,抽油煙機,23
328,層板,23
329,楠梓,23
330,局部,23
331,靠,23
332,滲水,23
333,店面,23
334,公設,22
335,看,22
336,打,22
337,不明,22
338,整排,22
339,目前,22
340,無壓迫感,22
341,物品,22
342,轉身,22
343,毛巾架,22
344,兒童,22
345,B,22
346,水,22
347,全新,22
348,休憩,22
349,已裝,22
350,不易,22
351,多組,22
352,天花板,22
353,完善,22
354,市場,21
355,辦公,21
356,簡單,21
357,完成,21
358,抽屜,21
359,崁,21
360,安全性,21
361,內建,21
362,潛力,21
363,矮櫃,21
364,三,21
365,小家庭,21
366,近捷運,21
367,開闊,21
368,床頭,21
369,打理,21
370,吊櫃,20
371,再,20
372,用品,20
373,尺度,20
374,窄,20
375,開放,20
376,擁擠,20
377,四角,20
378,停車,20
379,鞋櫃,20
380,白色,20
381,多人,20
382,／,20
383,舒適度,20
384,重新,20
385,乾,19
386,嵌,19
387,字型,19
388,超市,19
389,前方,19
390,面積,19
391,走廊,19
392,汙,19
393,車位,19
394,管理,19
395,降低,19
396,勻,19
397,進出,19
398,分,19
399,成本,19
400,更衣,19
401,磚易,18
402,近學校,18
403,烹飪,18
404,通往,18
405,近公車站,18
406,穩定,18
407,窗邊,18
408,臥房,18
409,均勻,18
410,材質,18
411,板,18
412,看起,18
413,潮濕,18
414,一視角,17
415,簡易,17
416,日光,17
417,約,17
418,旁,17
419,風格,17
420,洗澡,17
421,面向,17
422,牆地,17
423,台門,17
424,疑似,17
425,具,17
426,視野開闊,17
427,同時,17
428,窗外,17
429,機車,17
430,機械,17
431,上櫃,17
432,吧台,17
433,離,17
434,吊燈,17
435,保養,17
436,主燈,17
437,附,17
438,層架,17
439,A,17
440,鄰近,17
441,放,17
442,較佳,17
443,偏弱,17
444,風險,17
445,正常,17
446,生活機能佳,16
447,極佳,16
448,或兒,16
449,溼,16
450,床旁,16
451,弱,16
452,便,16
453,舊,16
454,聚會,16
455,利,16
456,門窗,16
457,添購,16
458,續,16
459,含,16
460,會,16
461,兩人,16
462,工作陽台,16
463,耐用,16
464,柔和,16
465,側邊,16
466,主臥房,15
467,放空,15
468,易規劃,15
469,整潔,15
470,房門,15
471,休閒,15
472,豐富,15
473,分鐘,15
474,深度,15
475,五金,15
476,戶,15
477,磚,15
478,傢,15
479,筆直,15
480,可容納,15
481,偏,15
482,櫃與,15
483,雙口,15
484,下櫃,15
485,現代,15
486,主,15
487,透天,15
488,有窗,15
489,增設,15
490,寬敞,15
491,瓷磚,15
492,超大,15
493,全室,15
494,中,15
495,挑高,15
496,欄杆,14
497,高窗,14
498,不壓迫,14
499,獨立廚房,14
500,提高,14
501,日常,14
502,大廳,14
503,俱,14
504,鄰棟,14
505,方,14
506,連接,14
507,受限,14
508,需求,14
509,位,14
510,冰箱,14
511,排油煙機,14
512,起來,14
513,黃,14
514,以,14
515,人,14
516,大門,14
517,感強,14
518,站,14
519,開,14
520,需自備,14
521,捷運站,14
522,仰賴,14
523,系統櫃,14
524,視線,14
525,單人,14
526,翻修,14
527,主臥室,14
528,直通,14
529,沙發區,14
530,出入,14
531,收納量,14
532,適合長,13
533,可加裝,13
534,電器,13
535,低,13
536,排油煙,13
537,擠,13
538,配備,13
539,鋪,13
540,連接陽台,13
541,公寓,13
542,桌椅,13
543,連結,13
544,安靜,13
545,座位,13
546,中島,13
547,有助,13
548,台積電,13
549,C,13
550,為主,13
551,白牆,13
552,起居,13
553,內燈,13
554,開放層,13
555,實用,13
556,扶手,13
557,顯,13
558,童房,13
559,減少潮,13
560,標準,13
561,其他,13
562,同區,13
563,主牆,13
564,換氣,13
565,設置,13
566,範圍,13
567,質感,13
568,反光,12
569,防潮,12
570,單一,12
571,出租,12
572,輩,12
573,住戶,12
574,可彈性,12
575,全面,12
576,易濺,12
577,大坪,12
578,晾,12
579,樓,12
580,髒,12
581,溫暖,12
582,歡迎,12
583,新裝修,12
584,緊,12
585,床架,12
586,平面車位,12
587,視野,12
588,門外,12
589,排風扇,12
590,簡潔,12
591,靠近,12
592,時,12
593,帶,12
594,通道,12
595,全貼,12
596,接,12
597,泡澡,12
598,L,12
599,前端,12
600,間接,12
601,拋光,12
602,造型,12
603,機,12
604,平面,12
605,衣,12
606,柱,12
607,投資,12
608,封閉,12
609,修,12
610,樓層,12
611,節省,12
612,線,12
613,區與,11
614,加裝,11
615,空房,11
616,大社,11
617,住,11
618,靠窗,11
619,地段,11
620,鐵窗,11
621,二樓,11
622,木紋磚,11
623,油漆,11
624,清洗,11
625,動線流暢,11
626,運站,11
627,連通,11
628,由,11
629,全屋,11
630,設施,11
631,乾淨,11
632,床邊,11
633,門口,11
634,客用,11
635,梳妝台,11
636,放置,11
637,公私,11
638,建收納,11
639,無內,11
640,稍,11
641,壁掛式,11
642,包覆,11
643,開伙,11
644,空調,11
645,燕巢,11
646,小港,11
647,濕區,11
648,差,11
649,車庫,11
650,開放式廚房,10
651,主空間,10
652,小型,10
653,簾,10
654,休息,10
655,單純,10
656,角落,10
657,俱全,10
658,需仰,10
659,相對,10
660,可同,10
661,帶入,10
662,腳感,10
663,軌道,10
664,附贈,10
665,損壞,10
666,鐵皮,10
667,浴櫃,10
668,蓮蓬頭,10
669,需依賴,10
670,牆磚,10
671,國小,10
672,排氣,10
673,立即,10
674,滑,10
675,留,10
676,活動區,10
677,亮面,10
678,前陽台,10
679,結構,10
680,可用,10
681,挑,10
682,新穎裝,10
683,置物,10
684,且,10
685,閱讀,10
686,木質,10
687,避免,10
688,學區,10
689,多點,9
690,積水,9
691,色系,9
692,淺,9
693,水電,9
694,充裕,9
695,干擾,9
696,略低,9
697,年代,9
698,鋁窗,9
699,維修,9
700,外部,9
701,痕跡,9
702,四,9
703,全聯,9
704,客房,9
705,臺,9
706,適合常,9
707,剝落,9
708,冷氣機,9
709,期,9
710,遮光,9
711,適合學生,9
712,居家,9
713,靠室,9
714,玄關區,9
715,收租,9
716,到位,9
717,功能,9
718,自住,9
719,條型,9
720,佈,9
721,深色,9
722,在家,9
723,可加,9
724,空地,9
725,鏡子,9
726,儲藏室,9
727,新裝,9
728,頂樓,9
729,通透,9
730,裝飾,9
731,搬運,9
732,多扇,9
733,作,9
734,靠牆,9
735,室外,9
736,上班族,9
737,行走,9
738,公領域,9
739,坡度,9
740,一應,9
741,設有,9
742,磚牆,9
743,大理石,9
744,現況,9
745,電梯,9
746,煙,9
747,高中,9
748,全部,9
749,屋況,9
750,未來,9
751,頂,8
752,保有,8
753,與陽,8
754,房內,8
755,路,8
756,衣物,8
757,桌區,8
758,臥室區,8
759,日照,8
760,排濕,8
761,來電,8
762,桌面,8
763,金,8
764,半戶,8
765,坪,8
766,一路,8
767,床組,8
768,需確,8
769,偏暗,8
770,大樓,8
771,車站,8
772,需靠,8
773,異味,8
774,擺設,8
775,分隔,8
776,老式,8
777,雙向,8
778,小房,8
779,粉刷,8
780,防護,8
781,保留,8
782,呈,8
783,窗戶利,8
784,帶來,8
785,新款,8
786,大空間,8
787,互動,8
788,高低,8
789,內側,8
790,看到,8
791,等,8
792,至,8
793,已備,8
794,推門,8
795,餐具,8
796,耐,8
797,拉門區,8
798,牆上,8
799,樓高,8
800,擺床,8
801,寬裕,8
802,騎樓,8
803,中庭,8
804,正好,8
805,開燈,8
806,多面,8
807,緊鄰,8
808,偏緊,8
809,漬,8
810,單人床,8
811,通行,8
812,流理,8
813,開火,8
814,頂部,8
815,走路,8
816,不如,8
817,有門,8
818,方可,8
819,灰色,8
820,完工,8
821,可當,7
822,區分,7
823,即可,7
824,推陽台,7
825,科技,7
826,床側,7
827,機械車位,7
828,購物,7
829,騎車,7
830,溫暖感,7
831,可放鍋,7
832,抽風機,7
833,成,7
834,爐,7
835,厚,7
836,曬衣,7
837,裂痕,7
838,感較,7
839,單側,7
840,較少,7
841,側牆,7
842,需仰賴,7
843,遮蔽,7
844,顯示,7
845,如廁,7
846,依賴室,7
847,遠端,7
848,環境,7
849,白天,7
850,非,7
851,坪數,7
852,新裝潢,7
853,或書桌,7
854,設,7
855,兼具,7
856,連續,7
857,全,7
858,中間,7
859,少,7
860,需加,7
861,電箱,7
862,維持,7
863,多盞,7
864,停車場,7
865,車道,7
866,端部,7
867,霉斑,7
868,爐具,7
869,品質,7
870,床尾,7
871,不錯,7
872,夜間,7
873,依靠,7
874,順,7
875,外溢,7
876,臨街,7
877,者,7
878,大房,7
879,杆,7
880,窗利,7
881,遮擋,7
882,餐廳區,7
883,可期,7
884,作業,7
885,合宜,7
886,交通便利,7
887,鏡面,7
888,建物,7
889,用途,7
890,單窗,7
891,顯破損,7
892,貼,7
893,視角,7
894,高櫃,7
895,領域,7
896,可設,7
897,預約,7
898,疑慮,7
899,三房,7
900,可開啟,7
901,平頂,7
902,確認,7
903,門片,7
904,捲,7
905,裝設,7
906,水槽,7
907,已附,7
908,齊備,7
909,周邊,7
910,客餐,7
911,既有,7
912,高空,7
913,銜接,7
914,偏舊,7
915,僅靠,7
916,成型,7
917,收納足夠,6
918,櫃收納,6
919,遊戲區,6
920,風扇,6
921,木櫃,6
922,床外,6
923,落塵區,6
924,日用品,6
925,窗僅,6
926,基礎,6
927,阻隔,6
928,僅見,6
929,皆宜,6
930,面收納,6
931,相連,6
932,多顆,6
933,全新裝潢,6
934,交誼,6
935,鄰,6
936,側櫃,6
937,或層,6
938,窗型,6
939,具備,6
940,門與,6
941,腳,6
942,高科大,6
943,自用,6
944,遮雨棚,6
945,收納區,6
946,首選,6
947,夜市,6
948,電源,6
949,引進,6
950,學生,6
951,見,6
952,壁掛,6
953,小臥室,6
954,水泥,6
955,需規劃,6
956,顯壓,6
957,樓中樓,6
958,畫面,6
959,認,6
960,一大,6
961,空白,6
962,捷運,6
963,有利,6
964,雙扇,6
965,嬰兒,6
966,度,6
967,衣區,6
968,餐,6
969,優質,6
970,友善,6
971,賞屋,6
972,內部,6
973,可放備品,6
974,引光,6
975,乾區,6
976,一角,6
977,保持,6
978,備餐,6
979,自,6
980,娛樂,6
981,童遊,6
982,濕氣,6
983,燈帶,6
984,兼,6
985,一端,6
986,發展,6
987,邊櫃,6
988,別墅,6
989,健身,6
990,迫感,6
991,不同,6
992,無壓迫,6
993,配色,6
994,體,6
995,衣空間,6
996,進入,6
997,床區,6
998,容量,6
999,無窗,6
1000,啟換氣,6
1001,需要,6
1002,內窗,6
1003,交流,6
1004,置,6
1005,排出,6
1006,高尚,6
1007,多層,6
1008,優,6
1009,外空,6
1010,衣架,6
1011,停放,6
1012,餐桌椅,6
1013,加蓋,6
1014,機與,6
1015,顯壓迫,6
1016,偏窄,6
1017,新屋,6
1018,中民店,6
1019,利空,6
1020,透光,6
1021,上中下,5
1022,廚房區,5
1023,受潮,5
1024,蚵,5
1025,時間,5
1026,非常,5
1027,吧,5
1028,全瓷磚,5
1029,收納架,5
1030,後門,5
1031,門板,5
1032,式,5
1033,備料,5
1034,昏暗,5
1035,櫃台,5
1036,區與馬桶,5
1037,清潔度,5
1038,梯間,5
1039,已安裝,5
1040,看似,5
1041,堆放,5
1042,可同時,5
1043,聚餐,5
1044,內建書桌,5
1045,由玄關,5
1046,庭院,5
1047,日,5
1048,租,5
1049,買,5
1050,最愛,5
1051,比例,5
1052,安裝,5
1053,花灑,5
1054,改造,5
1055,筒,5
1056,樓梯間,5
1057,石材,5
1058,鐵門,5
1059,冰冷,5
1060,招待,5
1061,親子,5
1062,龍頭,5
1063,離近,5
1064,無壓,5
1065,多處,5
1066,規矩,5
1067,孩童,5
1068,老派,5
1069,低矮,5
1070,昏市場,5
1071,老化,5
1072,城市,5
1073,區隔,5
1074,安全感,5
1075,易積,5
1076,磚面,5
1077,一線,5
1078,不大,5
1079,附近,5
1080,啟窗,5
1081,已設,5
1082,夾層,5
1083,預算,5
1084,色調,5
1085,光面,5
1086,租客,5
1087,同材質,5
1088,拋光石英磚,5
1089,突角,5
1090,發霉,5
1091,一層,5
1092,窗下,5
1093,隔開,5
1094,雙面採光,5
1095,餘裕,5
1096,合一,5
1097,牆角,5
1098,布置,5
1099,地下,5
1100,形象,5
1101,可作書房,5
1102,壓,5
1103,示意,5
1104,起居室,5
1105,兩面,5
1106,數,5
1107,防油,5
1108,補足,5
1109,較弱,5
1110,街道,5
1111,槽,5
1112,撞球,5
1113,高雄,5
1114,國中,5
1115,足,5
1116,儲物區,5
1117,合理,5
1118,初期,5
1119,薄紗,5
1120,壁面,5
1121,之間,5
1122,氣流,5
1123,感受,5
1124,高醫,5
1125,面寬,5
1126,不利,5
1127,高挑,5
1128,收納層,5
1129,小空間,5
1130,外牆,5
1131,顯老舊,5
1132,不顯,5
1133,桌,5
1134,端,5
1135,適宜,5
1136,縫隙,5
1137,交誼廳,5
1138,分開,5
1139,連成,5
1140,具陽台,5
1141,多窗,5
1142,交通,5
1143,擺放彈,5
1144,六角,5
1145,無內建,5
1146,墊,5
1147,梁柱,5
1148,做主,5
1149,電線,5
1150,形,5
1151,遠離,5
1152,置物架,5
1153,腳感佳,5
1154,大小,5
1155,餐廚,5
1156,廚櫃,5
1157,以室,5
1158,總價,5
1159,改善,5
1160,滑倒,5
1161,過渡,5
1162,擺放動線,5
1163,免,5
1164,椅子,5
1165,能,5
1166,儲物間,5
1167,留出,5
1168,小家,5
1169,中心,5
1170,光滑,5
1171,採買,5
1172,大四,5
1173,如,5
1174,健身房,5
1175,夏季,5
1176,住宅,5
1177,待,5
1178,帶陽台,5
1179,可曬衣,5
1180,連貫,5
1181,少油,5
1182,增建,5
1183,門可,5
1184,臨路,5
1185,磚新穎,5
1186,地磁,5
1187,盥洗,5
1188,高級,5
1189,處理,5
1190,衛武營,5
1191,傳統,5
1192,方型,5
1193,右昌,5
1194,距離近,4
1195,內外,4
1196,面利,4
1197,中性,4
1198,租屋,4
1199,光為,4
1200,梯,4
1201,遮雨,4
1202,附床,4
1203,得,4
1204,可加設,4
1205,洗漱,4
1206,半開放,4
1207,打掃,4
1208,非特別,4
1209,私密,4
1210,下廚,4
1211,專屬,4
1212,啟利,4
1213,窗面,4
1214,相鄰,4
1215,皆備,4
1216,自由,4
1217,降板,4
1218,加設,4
1219,組合,4
1220,接待,4
1221,前期,4
1222,距足夠,4
1223,住家,4
1224,隱私性,4
1225,磚止,4
1226,不佳,4
1227,窗可開,4
1228,豪墅,4
1229,滑門,4
1230,止滑,4
1231,不擁,4
1232,多台,4
1233,寬闊,4
1234,單身,4
1235,窗與門,4
1236,納足夠,4
1237,高腳椅,4
1238,公室,4
1239,建材,4
1240,區有,4
1241,遼闊,4
1242,漂亮,4
1243,脫落,4
1244,運動,4
1245,大立,4
1246,水氣,4
1247,過道,4
1248,大陽台,4
1249,國,4
1250,跑步,4
1251,戲室,4
1252,面連續,4
1253,壅,4
1254,用,4
1255,新型,4
1256,濕式,4
1257,雙面,4
1258,櫃與馬桶,4
1259,有陽台,4
1260,種植,4
1261,一目了然,4
1262,暗,4
1263,背板,4
1264,分界,4
1265,掛,4
1266,氛圍,4
1267,線路,4
1268,收納鏡櫃,4
1269,無對外,4
1270,醫院,4
1271,雨天,4
1272,教室,4
1273,衛浴開窗,4
1274,遊戲,4
1275,電扇,4
1276,收納牆,4
1277,摩擦力,4
1278,隱,4
1279,藏式,4
1280,雙側,4
1281,單向,4
1282,組,4
1283,工作桌,4
1284,全套,4
1285,沿牆,4
1286,備有,4
1287,進光,4
1288,美觀,4
1289,照度,4
1290,無電梯,4
1291,面長,4
1292,碗,4
1293,各,4
1294,鍋具,4
1295,小客,4
1296,科工館,4
1297,抽油煙,4
1298,不算,4
1299,視野佳,4
1300,外界,4
1301,塊,4
1302,客,4
1303,轉折,4
1304,氣,4
1305,使用方便,4
1306,街景,4
1307,積磁磚,4
1308,設備間,4
1309,橫,4
1310,金屬,4
1311,電磁爐,4
1312,感明顯,4
1313,雙窗,4
1314,好維護,4
1315,顯區,4
1316,客浴,4
1317,廁所,4
1318,台,4
1319,過敏,4
1320,推空間,4
1321,族群,4
1322,雙車,4
1323,洗手盆,4
1324,園區,4
1325,床墊,4
1326,木色,4
1327,中型,4
1328,細長,4
1329,防濺,4
1330,阻礙,4
1331,連通動線,4
1332,多用途,4
1333,縫,4
1334,寮,4
1335,共享,4
1336,澄清湖,4
1337,無多餘,4
1338,標示,4
1339,乾燥,4
1340,時容納,4
1341,孔,4
1342,避雨,4
1343,啟排,4
1344,可掛,4
1345,主臥衛浴,4
1346,三代同堂,4
1347,米,4
1348,文化,4
1349,陽台利,4
1350,安心,4
1351,價值,4
1352,抽風,4
1353,顯遮擋,4
1354,短,4
1355,同住,4
1356,充電,4
1357,現代化,4
1358,可放物,4
1359,問題,4
1360,止滑磚,4
1361,鋁門,4
1362,通向,4
1363,接送,4
1364,磁,4
1365,頂燈,4
1366,雙,4
1367,磚好,4
1368,複,4
1369,清潔維護,4
1370,單人房,4
1371,外門,4
1372,器材,4
1373,全磁磚,4
1374,車格,4
1375,標線,4
1376,房屋,4
1377,收納佳,4
1378,符合,4
1379,遊戲室,4
1380,顏色,4
1381,可依,4
1382,半,4
1383,重拉,4
1384,最,4
1385,可停,4
1386,納,4
1387,訪客,4
1388,儲藏,4
1389,隔熱,4
1390,合住,4
1391,門廳,4
1392,評估,4
1393,現代風,4
1394,衣桿,4
1395,直線,4
1396,裸露,4
1397,層景,4
1398,中上,4
1399,號,4
1400,擴散,4
1401,烤箱,4
1402,廳區,4
1403,信箱,3
1404,微波,3
1405,增值,3
1406,排煙,3
1407,電,3
1408,有外,3
1409,不便,3
1410,民族,3
1411,房車,3
1412,走道區,3
1413,清潔易,3
1414,足以,3
1415,推拉,3
1416,偏高,3
1417,窗與陽,3
1418,蓮蓬,3
1419,洗浴,3
1420,外濺,3
1421,備品,3
1422,雙人,3
1423,區分開,3
1424,連,3
1425,接客,3
1426,迎賓,3
1427,強,3
1428,快速,3
1429,勁捷,3
1430,勁,3
1431,有書桌,3
1432,第一,3
1433,窗光線,3
1434,幫助,3
1435,鏡前,3
1436,隱藏,3
1437,無拉門,3
1438,斜角,3
1439,牆邊,3
1440,中正,3
1441,坡道,3
1442,戶外,3
1443,輪流,3
1444,燕南,3
1445,嵌入式,3
1446,鄰橋,3
1447,科未來,3
1448,鄰寶雅,3
1449,出口,3
1450,成本低,3
1451,效果,3
1452,商業,3
1453,橫向,3
1454,櫃收,3
1455,末端,3
1456,較窄,3
1457,條形,3
1458,窗框,3
1459,仁雄,3
1460,全包,3
1461,配件,3
1462,白磚,3
1463,路徑,3
1464,大東捷,3
1465,通勤,3
1466,氣氛,3
1467,溫馨,3
1468,中段,3
1469,稱,3
1470,線板,3
1471,接上,3
1472,下層,3
1473,俯視,3
1474,數量,3
1475,白面,3
1476,狀態,3
1477,精美,3
1478,水痕,3
1479,大幅,3
1480,無大,3
1481,偏低,3
1482,需檢查,3
1483,浴簾,3
1484,水泥地,3
1485,隔壁,3
1486,果菜,3
1487,對面,3
1488,換新,3
1489,停,3
1490,汽車,3
1491,區塊,3
1492,感重,3
1493,和室,3
1494,歐式,3
1495,可分,3
1496,修衛浴,3
1497,顯凌亂,3
1498,外景,3
1499,建工,3
1500,街,3
1501,至陽台,3
1502,較差,3
1503,影音,3
1504,照射,3
1505,讀書,3
1506,較易,3
1507,積瓷,3
1508,停車位,3
1509,適合主臥,3
1510,陳,3
1511,櫥,3
1512,主浴,3
1513,形空間,3
1514,鋪設,3
1515,配電,3
1516,閱讀區,3
1517,客人,3
1518,莒光,3
1519,加,3
1520,距大,3
1521,左側,3
1522,款式,3
1523,穿堂,3
1524,有鐵窗,3
1525,四人,3
1526,互通,3
1527,近家樂福,3
1528,質感佳,3
1529,洗,3
1530,拎包入住,3
1531,由門口,3
1532,擦洗,3
1533,臨外側,3
1534,同樣,3
1535,兩扇,3
1536,面可放,3
1537,出,3
1538,縱,3
1539,隱私度,3
1540,吊隱式,3
1541,來源,3
1542,附沙發,3
1543,性大,3
1544,系統,3
1545,易潮,3
1546,可收納,3
1547,感大,3
1548,大客,3
1549,不宜,3
1550,預,3
1551,但視覺,3
1552,雨淋,3
1553,防霉,3
1554,燈源,3
1555,泳池,3
1556,新婚,3
1557,衛浴門,3
1558,補光,3
1559,無現,3
1560,狹窄,3
1561,擺位,3
1562,開門,3
1563,直射光,3
1564,四面,3
1565,擺放床,3
1566,整室,3
1567,簡餐,3
1568,以上,3
1569,補強,3
1570,格柵,3
1571,收納系統,3
1572,兩口,3
1573,推測,3
1574,前側,3
1575,可調,3
1576,分客,3
1577,車墅,3
1578,屋,3
1579,對長,3
1580,高大,3
1581,家,3
1582,方向,3
1583,磚無明,3
1584,呵,3
1585,單,3
1586,頭櫃,3
1587,受,3
1588,主衛浴,3
1589,可帶,3
1590,餐區,3
1591,戲區,3
1592,採光井,3
1593,感舒適,3
1594,森林,3
1595,右昌國,3
1596,與門,3
1597,窗簾過,3
1598,全棟,3
1599,顯得,3
1600,各房,3
1601,百葉,3
1602,餐吧區,3
1603,關門,3
1604,近橋頭,3
1605,省,3
1606,兩窗,3
1607,適合書房,3
1608,採光間,3
1609,橋科,3
1610,可排,3
1611,滿足,3
1612,老屋,3
1613,花紋,3
1614,並有,3
1615,前廳,3
1616,明火,3
1617,適合當,3
1618,塑膠,3
1619,一窗,3
1620,偏長,3
1621,新衛浴,3
1622,收納機,3
1623,專用,3
1624,停車區,3
1625,接陽台,3
1626,眺望,3
1627,瑕疵,3
1628,可加書桌,3
1629,靜音,3
1630,專約,3
1631,橋頭,3
1632,為書房,3
1633,壁式,3
1634,清爽,3
1635,D,3
1636,適合養,3
1637,無獨立,3
1638,溜滑梯,3
1639,桶區,3
1640,摩擦,3
1641,多樣,3
1642,紅,3
1643,加軌,3
1644,街口,3
1645,施工,3
1646,排,3
1647,吊扇,3
1648,單排,3
1649,刺眼,3
1650,未明顯,3
1651,面皆為,3
1652,正,3
1653,一戶,3
1654,深處,3
1655,或家電,3
1656,地下室,3
1657,辦,3
1658,清晰,3
1659,信義國,3
1660,面易,3
1661,人造,3
1662,陽,3
1663,台大,3
1664,窗景,3
1665,餐客,3
1666,反射,3
1667,觀宅,3
1668,擺放書桌,3
1669,整新,3
1670,臨,3
1671,一致性,3
1672,視野較,3
1673,不影響,3
1674,三面,3
1675,中小,3
1676,過,3
1677,賺,3
1678,尚未,3
1679,噴槍,3
1680,市中心,3
1681,很,3
1682,屋主,3
1683,另購,3
1684,社交,3
1685,安靜感,3
1686,僅有,3
1687,帝王,3
1688,營造,3
1689,台面,3
1690,買屋,3
1691,內裝,3
1692,水漬,3
1693,主未見,3
1694,循環,3
1695,小衛浴,3
1696,柱感,3
1697,尚,3
1698,僅容,3
1699,掛式,3
1700,分離式,3
1701,視聽,3
1702,煮,3
1703,有空,3
1704,平直,3
1705,或次,3
1706,面空間,3
1707,洗手,3
1708,文武,3
1709,木,3
1710,調節,3
1711,梳妝,3
1712,已裝潢,3
1713,百市,3
1714,吊掛,3
1715,保齡,3
1716,重,3
1717,性高,3
1718,土庫,3
1719,雙層,3
1720,順手,3
1721,處,3
1722,懸掛式,3
1723,青埔站,3
1724,車輛,3
1725,即,3
1726,加強,3
1727,照片,3
1728,共用,3
1729,電腦,3
1730,上層,3
1731,前後大陽台,3
1732,一面,3
1733,數客,3
1734,裝,3
1735,加收,3
1736,霉味,3
1737,精,3
1738,櫃與側,3
1739,南北,3
1740,左營,3
1741,顯緊,3
1742,綠意,3
1743,書櫃,3
1744,燈槽,3
1745,美術館,3
1746,臨近,3
1747,邊間,3
1748,重新配置,2
1749,賴燈光,2
1750,開動線,2
1751,舒服,2
1752,預留家電,2
1753,鏡,2
1754,適合掛,2
1755,新楠,2
1756,家樂福,2
1757,情侶,2
1758,全瓷,2
1759,含陽,2
1760,燈光佳,2
1761,外機,2
1762,性佳,2
1763,域分,2
1764,大磚,2
1765,直射,2
1766,附設,2
1767,地台,2
1768,洗碗,2
1769,現代感,2
1770,設櫃體,2
1771,外人,2
1772,看見,2
1773,R14,2
1774,巨蛋,2
1775,可租,2
1776,鐵,2
1777,在外,2
1778,側,2
1779,特大,2
1780,磚與,2
1781,劃分,2
1782,大容量,2
1783,看不見,2
1784,灰白,2
1785,桌好,2
1786,可擺放,2
1787,保護,2
1788,曬區,2
1789,兩房,2
1790,順直,2
1791,鋪磚,2
1792,書架,2
1793,就業,2
1794,車流,2
1795,窗戶位,2
1796,衛生間,2
1797,櫃台區,2
1798,燈為,2
1799,具有,2
1800,旁邊,2
1801,封閉式,2
1802,會客,2
1803,耐看,2
1804,度高,2
1805,大衛浴,2
1806,含樓,2
1807,油煙機,2
1808,緻,2
1809,磨砂玻璃,2
1810,中小型,2
1811,踢,2
1812,腳線,2
1813,一致,2
1814,止,2
1815,好裝修,2
1816,之後加裝,2
1817,下樓,2
1818,階梯,2
1819,可照,2
1820,洗切,2
1821,書籍,2
1822,窗加,2
1823,工具,2
1824,臥室門,2
1825,拖,2
1826,僅容馬桶,2
1827,扇,2
1828,含書桌,2
1829,再加,2
1830,堆積,2
1831,才能,2
1832,紋理,2
1833,軟墊,2
1834,多種,2
1835,環保室,2
1836,機台,2
1837,戶會客,2
1838,戶聚會,2
1839,顯隔間,2
1840,邊牆,2
1841,宅,2
1842,亂,2
1843,壁掛機,2
1844,退縮,2
1845,吵,2
1846,超高,2
1847,氣派,2
1848,球池,2
1849,遮,2
1850,擋,2
1851,附陽台,2
1852,況,2
1853,厝,2
1854,較悶,2
1855,半高磁磚,2
1856,防,2
1857,已裝修,2
1858,端菜,2
1859,愛,2
1860,大仁國,2
1861,氣窗,2
1862,沐丰,2
1863,人文,2
1864,不會,2
1865,雜物間,2
1866,現為,2
1867,積亮,2
1868,面磁磚,2
1869,大馬路,2
1870,乳膠,2
1871,內庭,2
1872,門上,2
1873,各自,2
1874,儲物房,2
1875,寬足夠,2
1876,改作,2
1877,通風孔,2
1878,超,2
1879,並存,2
1880,到門口,2
1881,門口區,2
1882,掌握,2
1883,可加置,2
1884,牆面易,2
1885,一扇,2
1886,比,2
1887,E,2
1888,壓頂,2
1889,欄杆利,2
1890,派,2
1891,等候,2
1892,童遊戲,2
1893,有室,2
1894,烹煮,2
1895,風較,2
1896,稍顯,2
1897,磚狀況,2
1898,窗帶,2
1899,開放書架,2
1900,上排,2
1901,風機,2
1902,大臥室,2
1903,門但,2
1904,防墜,2
1905,認排,2
1906,推窗,2
1907,地墊,2
1908,一字,2
1909,隔油,2
1910,動線略,2
1911,顯擁,2
1912,作主,2
1913,支出,2
1914,簡約,2
1915,潮氣,2
1916,武廟,2
1917,族,2
1918,美麗島,2
1919,從,2
1920,附陽,2
1921,品牌,2
1922,門旁,2
1923,菸,2
1924,全景,2
1925,度低,2
1926,燈覆蓋,2
1927,顯裂,2
1928,較間,2
1929,無可見,2
1930,須,2
1931,賴排,2
1932,產生,2
1933,靠門,2
1934,陰暗,2
1935,降溫,2
1936,日常用品,2
1937,成員,2
1938,感且,2
1939,黑色,2
1940,幾何,2
1941,掛架,2
1942,毛巾,2
1943,分布,2
1944,人房,2
1945,外陽台,2
1946,效率,2
1947,雖,2
1948,美觀且,2
1949,合租,2
1950,黑白,2
1951,似為,2
1952,靠側,2
1953,選擇,2
1954,仕隆國,2
1955,破損,2
1956,配合,2
1957,剛好,2
1958,中山,2
1959,美景,2
1960,不壓,2
1961,細節,2
1962,通風排,2
1963,成形,2
1964,夫妻,2
1965,斜,2
1966,端正,2
1967,另外,2
1968,岡山,2
1969,上菜,2
1970,坐在,2
1971,作為,2
1972,雙開,2
1973,軟裝,2
1974,可置物,2
1975,壁櫃,2
1976,需機械,2
1977,但略,2
1978,成家,2
1979,或放,2
1980,床具,2
1981,簡單易,2
1982,稍弱,2
1983,無需,2
1984,前門,2
1985,錢,2
1986,一氣,2
1987,可彈,2
1988,流佳,2
1989,自備,2
1990,自由度,2
1991,道區,2
1992,體多,2
1993,大可,2
1994,無柱,2
1995,天井,2
1996,老,2
1997,特寫,2
1998,背牆,2
1999,現場,2
2000,精華熱鬧,2
2001,藏,2
2002,幾乎,2
2003,雜亂,2
2004,攀爬,2
2005,受傷,2
2006,綠蔭,2
2007,採光窗,2
2008,內光線,2
2009,雙陽台,2
2010,略顯,2
2011,僅一,2
2012,給有,2
2013,洽詢,2
2014,含窗,2
2015,前段,2
2016,頂棚,2
2017,商用,2
2018,可店,2
2019,重配,2
2020,轉角窗,2
2021,梯區,2
2022,開車,2
2023,度足夠,2
2024,可劃,2
2025,寧靜,2
2026,依,2
2027,設易,2
2028,櫃可放,2
2029,側門,2
2030,僅遠,2
2031,並利,2
2032,濾,2
2033,素牆,2
2034,搭,2
2035,就緒,2
2036,永久,2
2037,相當,2
2038,河畔,2
2039,新穩,2
2040,連通衛浴,2
2041,方便管理,2
2042,皆佳,2
2043,高木,2
2044,新作,2
2045,軸線,2
2046,可外,2
2047,遠景,2
2048,无遮挡,2
2049,磨石子地,2
2050,運用,2
2051,苓,2
2052,小廚,2
2053,房機,2
2054,可作書桌,2
2055,調整,2
2056,玻璃窗,2
2057,凌亂,2
2058,收納多,2
2059,樣式,2
2060,投入,2
2061,氣循環,2
2062,兼顧,2
2063,尚佳,2
2064,窗換氣,2
2065,側面,2
2066,帶陽,2
2067,大適,2
2068,高牆,2
2069,啟通風,2
2070,反,2
2071,光度,2
2072,略有,2
2073,流,2
2074,樓下,2
2075,大東,2
2076,易清洗,2
2077,角窗,2
2078,內機,2
2079,外觀,2
2080,窗與後門,2
2081,七米,2
2082,陽明國,2
2083,排列,2
2084,大房間,2
2085,過度,2
2086,留水,2
2087,電管線,2
2088,樓上,2
2089,無價,2
2090,適合放,2
2091,稍低,2
2092,露台,2
2093,路口,2
2094,不怕,2
2095,大華國,2
2096,大地,2
2097,侷,2
2098,合,2
2099,未明,2
2100,沙發前,2
2101,面筆,2
2102,回家,2
2103,商家,2
2104,飲食,2
2105,採購,2
2106,引風,2
2107,海邊,2
2108,靜巷,2
2109,一排,2
2110,升高,2
2111,動範圍,2
2112,進光足,2
2113,澄,2
2114,公車,2
2115,沙發到,2
2116,粗糙,2
2117,倉庫,2
2118,缺乏,2
2119,赤,2
2120,商店,2
2121,磚泛,2
2122,糧,2
2123,搬入,2
2124,收納待,2
2125,孩子,2
2126,門與側,2
2127,之家,2
2128,學校,2
2129,油污,2
2130,區設,2
2131,線性,2
2132,小陽台,2
2133,陽台間,2
2134,大可放,2
2135,僅機械,2
2136,兩端,2
2137,衛生,2
2138,嚴重,2
2139,有磨損,2
2140,地材,2
2141,喜歡,2
2142,脫漆,2
2143,街噪,2
2144,掉,2
2145,體齊全,2
2146,過低,2
2147,潮痕,2
2148,啟門,2
2149,可免,2
2150,雖老舊,2
2151,權狀,2
2152,登記,2
2153,多車位,2
2154,佔,2
2155,整齊,2
2156,古典,2
2157,優勢,2
2158,園,2
2159,輪椅,2
2160,亮,2
2161,中學,2
2162,窗前,2
2163,防止,2
2164,偏黃,2
2165,好放床,2
2166,舊式,2
2167,電動車,2
2168,充電樁,2
2169,三扇,2
2170,核心,2
2171,風極佳,2
2172,仍佳,2
2173,收納間,2
2174,數臥室,2
2175,潛在,2
2176,舒,2
2177,按摩椅,2
2178,量,2
2179,孝親房,2
2180,分側,2
2181,平滑,2
2182,尚算,2
2183,高檔,2
2184,刮好,2
2185,就醫,2
2186,近在咫尺,2
2187,洗澡水,2
2188,得到,2
2189,風門,2
2190,水器,2
2191,易保養,2
2192,積開,2
2193,漆,2
2194,實體門,2
2195,裸裝,2
2196,SUV,2
2197,全靠,2
2198,轉彎,2
2199,死角,2
2200,地易,2
2201,日間,2
2202,照亮,2
2203,內建大,2
2204,四人桌,2
2205,通風待,2
2206,具食材,2
2207,軍校,2
2208,預留線,2
2209,燈光線,2
2210,兩向開,2
2211,積塵,2
2212,區距,2
2213,離大,2
2214,轉角大窗,2
2215,漢神百貨,2
2216,現有,2
2217,較潮,2
2218,壓縮,2
2219,濕滑,2
2220,秩序,2
2221,編號,2
2222,柱位,2
2223,可遮風,2
2224,棟,2
2225,適度,2
2226,進門,2
2227,仔,2
2228,拉簾,2
2229,迴,2
2230,廊,2
2231,喜好,2
2232,靈活,2
2233,含沙,2
2234,發與,2
2235,廁及,2
2236,窗戶僅,2
2237,工作台,2
2238,製,2
2239,水易,2
2240,可安裝,2
2241,沖,2
2242,懸空,2
2243,更顯,2
2244,少量,2
2245,大利,2
2246,貼磚,2
2247,開放區域,2
2248,鞋,2
2249,材料,2
2250,存在,2
2251,未必,2
2252,俯瞰,2
2253,鞋區,2
2254,國小學區,2
2255,藏污,2
2256,應為,2
2257,設備位,2
2258,屋頂,2
2259,廁區,2
2260,天,2
2261,縱深,2
2262,邊層,2
2263,社區質,2
2264,感好,2
2265,獨立區,2
2266,小層,2
2267,鄰室,2
2268,至少,2
2269,開放欄,2
2270,設計利,2
2271,質感且,2
2272,板材,2
2273,物業,2
2274,需長,2
2275,面材,2
2276,卡,2
2277,鍋碗,2
2278,感覺,2
2279,為主臥,2
2280,費,2
2281,另一端,2
2282,現,2
2283,數較,2
2284,完成度,2
2285,適合加,2
2286,使,2
2287,防雨,2
2288,小光線,2
2289,打開,2
2290,周圍,2
2291,顯磨損,2
2292,小櫃,2
2293,私,2
2294,縫隙利,2
2295,僅端,2
2296,兩向,2
2297,網路,2
2298,掛衣區,2
2299,適用,2
2300,或僅,2
2301,數大,2
2302,有明,2
2303,左右,2
2304,佔據,2
2305,翹曲,2
2306,內運動,2
2307,上空,2
2308,儲物室,2
2309,寢具,2
2310,裝燈,2
2311,玄關櫃,2
2312,小北百貨,2
2313,用地,2
2314,木皮,2
2315,前後採光,2
2316,損傷,2
2317,灑入,2
2318,輕鋼架,2
2319,中央,2
2320,磁磚易,2
2321,頻率,2
2322,好屋,2
2323,化妝,2
2324,第二,2
2325,接燈,2
2326,化妝區,2
2327,次衛浴,2
2328,專,2
2329,免治馬桶,2
2330,側向,2
2331,窗有,2
2332,外出,2
2333,地毯,2
2334,質,2
2335,更衣室,2
2336,休閒區,2
2337,子房,2
2338,水花,2
2339,款,2
2340,閉式,2
2341,臨外,2
2342,穿透,2
2343,整個,2
2344,洗臉,2
2345,加上,2
2346,新淨,2
2347,可兼作,2
2348,水塔,2
2349,浴,2
2350,或親,2
2351,為次,2
2352,三間,2
2353,多數,2
2354,床底,2
2355,公有,2
2356,僅室,2
2357,遠,2
2358,全封閉,2
2359,四房,2
2360,獨立門戶,2
2361,區未見,2
2362,機器,2
2363,表面,2
2364,勞工公園,2
2365,贈,2
2366,瑜伽,2
2367,感低,2
2368,拉門明,2
2369,床前,2
2370,校區,2
2371,六人,2
2372,過敏族,2
2373,餐邊櫃,2
2374,規律,2
2375,四到,2
2376,長條,2
2377,新成,2
2378,欠佳,2
2379,進口,2
2380,僅此,2
2381,重金,2
2382,次浴,2
2383,B1,2
2384,實心門,2
2385,一市,2
2386,吃,2
2387,可視,2
2388,三代,2
2389,稍重,2
2390,耐油,2
2391,或長,2
2392,保暖,2
2393,座,2
2394,區無,2
2395,爐位,2
2396,廠區,2
2397,櫃規劃,2
2398,架空,2
2399,臨鄰棟,2
2400,反映,2
2401,食品,2
2402,用具,2
2403,電賞,2
2404,迫視線,2
2405,采光,2
2406,窗區,2
2407,可規劃餐,2
2408,積大,2
2409,坐式,2
2410,線條,2
2411,光照,2
2412,不受,2
2413,步行,2
2414,抵達,2
2415,出風口,2
2416,手持,2
2417,視野受,2
2418,近距,2
2419,全開,2
2420,交屋,2
2421,改為,2
2422,窗門,2
2423,預留位,2
2424,消防,2
2425,易噴濕,2
2426,促進,2
2427,百葉門,2
2428,熱河,2
2429,潔具,2
2430,前鎮,2
2431,拉上,2
2432,戶利,2
2433,僅一側,2
2434,分房,2
2435,衛浴區,2
2436,四樓,2
2437,世運,2
2438,泛黃,2
2439,視,2
2440,台門利,2
2441,桌球,2
2442,亞洲新灣區,2
2443,久,2
2444,滿,2
2445,多向,2
2446,轉角,2
2447,同型,2
2448,機場,2
2449,易濕,2
2450,早晚,2
2451,需排,2
2452,隊,2
2453,新穎好,2
2454,廚空間,2
2455,規模,2
2456,床下,2
2457,感寬,1
2458,距國道,1
2459,通風強,1
2460,小曬衣,1
2461,瑞隆,1
2462,瑞祥學區,1
2463,至四樓,1
2464,瑞祥,1
2465,明星,1
2466,國小到,1
2467,拉大,1
2468,萬,1
2469,七大房,1
2470,打造,1
2471,少康,1
2472,可負,1
2473,擔多,1
2474,人口,1
2475,管理制度,1
2476,收信,1
2477,遮風,1
2478,格位,1
2479,環氧,1
2480,清潔且,1
2481,七房,1
2482,四百,1
2483,鐵件,1
2484,深空,1
2485,有分,1
2486,離式,1
2487,中未見,1
2488,藝者,1
2489,開且,1
2490,外無獨立,1
2491,磚色澤偏,1
2492,難度,1
2493,紗窗,1
2494,或霉漬,1
2495,附網,1
2496,磚新淨,1
2497,可備餐,1
2498,或當,1
2499,圍籬,1
2500,擺滿,1
2501,盆栽,1
2502,適合喜,1
2503,歡園,1
2504,或位,1
2505,較暗,1
2506,面潔淨,1
2507,房兒,1
2508,衣透氣,1
2509,爐皆備,1
2510,整合,1
2511,確保,1
2512,推區域,1
2513,開放鐵窗,1
2514,距大運動,1
2515,機飛輪,1
2516,啞鈴,1
2517,訓練,1
2518,擦拭,1
2519,回收,1
2520,養寵,1
2521,隔間減,1
2522,臥榻,1
2523,雙來源,1
2524,大學,1
2525,位不壓,1
2526,各房間,1
2527,防潑,1
2528,取得,1
2529,邊架,1
2530,單走,1
2531,素淨,1
2532,或壁掛,1
2533,大學整,1
2534,臉盆蓮,1
2535,蓬頭,1
2536,窗採,1
2537,精華,1
2538,一直,1
2539,線動線,1
2540,以拉門,1
2541,瑞興,1
2542,早市,1
2543,生活用品,1
2544,燈無對,1
2545,燈維修,1
2546,說,1
2547,外視線,1
2548,簡安靜,1
2549,較大,1
2550,臨鄰戶,1
2551,透明,1
2552,育樂,1
2553,電視動線,1
2554,公私分明,1
2555,前區,1
2556,格柵燈,1
2557,光均勻,1
2558,六房,1
2559,百萬,1
2560,雙地排,1
2561,須依賴,1
2562,通風除,1
2563,掛勾,1
2564,瓷,1
2565,小電器,1
2566,行動,1
2567,食衣住行,1
2568,氣味,1
2569,面材質,1
2570,正面,1
2571,面下,1
2572,仍為,1
2573,全濕,1
2574,鋪止,1
2575,電空間夠,1
2576,水材,1
2577,質利,1
2578,但視,1
2579,野較,1
2580,窗通風,1
2581,做菜,1
2582,時可排,1
2583,熱氣,1
2584,面好,1
2585,錯身,1
2586,可交換,1
2587,汽車位,1
2588,面潛力,1
2589,窗多靠,1
2590,連陽台,1
2591,心木,1
2592,調味料,1
2593,洗槽,1
2594,門連接,1
2595,多人下,1
2596,廚略,1
2597,區隔減,1
2598,裝機,1
2599,窗及,1
2600,顯積,1
2601,車況,1
2602,轉彎處,1
2603,檢視,1
2604,及車,1
2605,位區,1
2606,臉盆,1
2607,物層,1
2608,打通,1
2609,百萬裝潢,1
2610,多家,1
2611,銀行,1
2612,物,1
2613,光利,1
2614,會車,1
2615,平順,1
2616,減噪,1
2617,拜拜,1
2618,神明,1
2619,異材質,1
2620,梳妝區,1
2621,感寬闊,1
2622,優良,1
2623,擴大鏡面,1
2624,前半部,1
2625,感佳且,1
2626,無門檻,1
2627,周遭,1
2628,平頂加,1
2629,門實,1
2630,櫃可,1
2631,實門片,1
2632,恐需,1
2633,放物,1
2634,復,1
2635,興,1
2636,民權國,1
2637,廣大綠地,1
2638,遊樂園,1
2639,入室,1
2640,通風靠,1
2641,淋浴房,1
2642,可涵,1
2643,蓋,1
2644,全場,1
2645,可加櫃,1
2646,嵌入,1
2647,客衛浴,1
2648,櫻花牌,1
2649,AI,1
2650,智能,1
2651,小旁,1
2652,小捷,1
2653,雙主臥,1
2654,公司,1
2655,行號,1
2656,小站,1
2657,商業區,1
2658,一席,1
2659,敬請,1
2660,把握,1
2661,條燈,1
2662,西班牙,1
2663,TOTO,1
2664,新貴,1
2665,勁國,1
2666,雙衛浴,1
2667,近後勁捷,1
2668,獨立陽台,1
2669,或作,1
2670,供多人,1
2671,首選景觀,1
2672,增空間,1
2673,大鏡,1
2674,紅木,1
2675,螢幕,1
2676,百葉簾,1
2677,排布,1
2678,離遠,1
2679,收納及,1
2680,斥資,1
2681,風偏弱,1
2682,大磁磚,1
2683,孔可見,1
2684,塑,1
2685,放單,1
2686,社,1
2687,交互,1
2688,暫時,1
2689,直達室,1
2690,整潔維護,1
2691,牆側,1
2692,辦公設備,1
2693,顯黴斑,1
2694,房雙主,1
2695,臥大,1
2696,做層,1
2697,捷運宅,1
2698,僅鏡櫃,1
2699,較少置,1
2700,物處,1
2701,劃位,1
2702,標號,1
2703,一台,1
2704,期重,1
2705,劃區,1
2706,優選,1
2707,部窄,1
2708,可換氣,1
2709,當臥室,1
2710,耐潮,1
2711,垂直,1
2712,區相連,1
2713,開油煙,1
2714,不外,1
2715,散,1
2716,現新成,1
2717,屋感,1
2718,側僅,1
2719,照入,1
2720,牆架,1
2721,安靜室,1
2722,7A,1
2723,方開口,1
2724,由門面,1
2725,6.7,1
2726,門面,1
2727,開放餐,1
2728,封板,1
2729,機櫃,1
2730,調光,1
2731,顯昏,1
2732,增收,1
2733,布簾,1
2734,隔出,1
2735,面式,1
2736,動性,1
2737,面無明顯,1
2738,當遊,1
2739,磚地,1
2740,酒類,1
2741,收藏品,1
2742,重點,1
2743,櫃內,1
2744,短時間,1
2745,加沙,1
2746,發或書桌,1
2747,櫃可依,1
2748,適合高,1
2749,常德,1
2750,輕奢四房,1
2751,聚焦,1
2752,飾品,1
2753,櫃氣,1
2754,氛佳,1
2755,煥然,1
2756,一新,1
2757,清涼,1
2758,廚衛新,1
2759,或次衛,1
2760,床與門,1
2761,窗之間,1
2762,僅帘,1
2763,櫃營,1
2764,造視覺,1
2765,焦點,1
2766,風格統,1
2767,梳化,1
2768,牆大面,1
2769,內建開,1
2770,放書架,1
2771,工作者,1
2772,磚減,1
2773,積多,1
2774,可加放,1
2775,榻,1
2776,清晰度,1
2777,無緊,1
2778,四張,1
2779,三到,1
2780,濕通風,1
2781,房一,1
2782,小側,1
2783,當書櫃,1
2784,立燈,1
2785,僅單門,1
2786,區無獨立,1
2787,密度,1
2788,收藏,1
2789,照看,1
2790,床與櫃,1
2791,門之間,1
2792,增添,1
2793,放小,1
2794,性佳易,1
2795,動線拉長,1
2796,機擺放,1
2797,但景觀,1
2798,整屋,1
2799,即衛浴,1
2800,公仔,1
2801,圍護,1
2802,全長,1
2803,內連,1
2804,結佳,1
2805,風穩定,1
2806,可備料,1
2807,窗戶間,1
2808,度佳,1
2809,紋牆,1
2810,磚質,1
2811,走道式,1
2812,著,1
2813,採光足,1
2814,更換,1
2815,開減,1
2816,依個,1
2817,人風格,1
2818,置家電,1
2819,可當戶,1
2820,有鐵架,1
2821,主衛開,1
2822,闊綽,1
2823,及公車,1
2824,視野好,1
2825,可換,1
2826,實心,1
2827,大柱,1
2828,之後增設,1
2829,積大適,1
2830,均衡,1
2831,高欄,1
2832,房二,1
2833,濕積,1
2834,加書桌,1
2835,從側,1
2836,享受,1
2837,衣鉤,1
2838,高高,1
2839,搭木,1
2840,引,1
2841,淋雨,1
2842,區維護,1
2843,黃埔路,1
2844,近大東,1
2845,房三,1
2846,無冷氣,1
2847,劃線,1
2848,有連續,1
2849,旁留,1
2850,窗加陽,1
2851,台拉門,1
2852,條大空間,1
2853,熱氣味,1
2854,擺大,1
2855,鎖具,1
2856,廣角鏡,1
2857,窗簾後為,1
2858,鮮明,1
2859,花園,1
2860,管委,1
2861,主燈雙,1
2862,設備利,1
2863,重油,1
2864,門通外,1
2865,側利,1
2866,散步,1
2867,就學,1
2868,美聯社,1
2869,迫橫,1
2870,開車門,1
2871,綠化,1
2872,所有人,1
2873,側邊櫃,1
2874,斟酌,1
2875,領域區,1
2876,標配,1
2877,冷氣安裝,1
2878,熱,1
2879,地耐污,1
2880,賴換,1
2881,氣扇,1
2882,區大,1
2883,風格華麗,1
2884,偏傳統,1
2885,因人,1
2886,異,1
2887,美寓,1
2888,顯污漬,1
2889,厚重,1
2890,床靠,1
2891,裝潢略顯,1
2892,偏重,1
2893,庭,1
2894,少可彈性,1
2895,帘易濺,1
2896,日晒雨淋,1
2897,遇雨,1
2898,顯劃位,1
2899,需協調,1
2900,再安裝,1
2901,放書桌,1
2902,刷洗,1
2903,加冷氣機,1
2904,系易,1
2905,各種,1
2906,高齡,1
2907,無大面,1
2908,透,1
2909,過後方,1
2910,啟大窗,1
2911,賴後方拉門,1
2912,青埔捷,1
2913,遮蔽物,1
2914,近高雄,1
2915,暗角,1
2916,電區,1
2917,半分,1
2918,變化,1
2919,暗示,1
2920,橋科園區,1
2921,無限,1
2922,多個,1
2923,外散,1
2924,減,1
2925,加牆,1
2926,面燈,1
2927,底櫃,1
2928,隔板,1
2929,濺,1
2930,斜頂,1
2931,煙殘留,1
2932,含充,1
2933,電車位,1
2934,不用,1
2935,8046A,1
2936,夠亮,1
2937,本社,1
2938,爬坡,1
2939,轉與會車,1
2940,充分,1
2941,壓感,1
2942,磚顯,1
2943,鄰易,1
2944,氣流佳,1
2945,兩組,1
2946,華麗,1
2947,下櫃體,1
2948,過時,1
2949,柱子,1
2950,刮傷,1
2951,密集,1
2952,車,1
2953,皮沙發,1
2954,積櫃體,1
2955,樓梯連,1
2956,從二樓,1
2957,高極佳,1
2958,背後為,1
2959,推估,1
2960,區電梯,1
2961,三菱,1
2962,愛國國,1
2963,多車,1
2964,指示,1
2965,敞利,1
2966,文山,1
2967,機械化,1
2968,離窄,1
2969,壁架,1
2970,規劃佳,1
2971,可對流,1
2972,兩張,1
2973,有加,1
2974,具風格,1
2975,獨立客,1
2976,一字排,1
2977,擺放多,1
2978,櫃非,1
2979,中部,1
2980,217A,1
2981,新幹線,1
2982,湖園,1
2983,偏擁,1
2984,灰藍,1
2985,廣活動,1
2986,牆線,1
2987,適合怕,1
2988,但僅,1
2989,洩水,1
2990,溫暖質,1
2991,可活,1
2992,連接區,1
2993,轉角櫃,1
2994,建區,1
2995,電視區,1
2996,老氣,1
2997,可作餐,1
2998,櫃子,1
2999,另行,1
3000,區可分,1
3001,區與馬桶區,1
3002,全幅利,1
3003,條線,1
3004,餐吊燈,1
3005,半開,1
3006,放式,1
3007,開關,1
3008,看出,1
3009,舊裝潢,1
3010,緊鄰易,1
3011,陽台區,1
3012,當餐,1
3013,區或兒,1
3014,考慮,1
3015,附加,1
3016,載具,1
3017,放鍋,1
3018,弧形,1
3019,較平,1
3020,收納書籍,1
3021,升降,1
3022,差可,1
3023,有階差,1
3024,隔動線,1
3025,牆長,1
3026,桌適,1
3027,合學生,1
3028,補,1
3029,較長,1
3030,事先,1
3031,具齊備,1
3032,裝修質,1
3033,木格,1
3034,柵設計,1
3035,廚房連,1
3036,簡餐區,1
3037,系,1
3038,數主臥,1
3039,觀影區,1
3040,樓無敵,1
3041,附裝潢,1
3042,電熱,1
3043,三多百貨,1
3044,一覽,1
3045,遺,1
3046,展覽館,1
3047,層次,1
3048,磚防,1
3049,見窗,1
3050,開闊度,1
3051,福山,1
3052,優生,1
3053,灑水頭,1
3054,全換,1
3055,八五,1
3056,為書桌,1
3057,內向,1
3058,附三機,1
3059,修繕,1
3060,與陽台,1
3061,易維護,1
3062,出陽台,1
3063,區一,1
3064,位明,1
3065,接曬衣,1
3066,烹飪區,1
3067,轉身略,1
3068,促較,1
3069,新穎較,1
3070,區一氣,1
3071,開口採,1
3072,運黃線,1
3073,長庚,1
3074,退休,1
3075,有大窗,1
3076,門採光,1
3077,即入,1
3078,偏倚,1
3079,直易,1
3080,像,1
3081,度假,1
3082,鳥松國,1
3083,湖畔,1
3084,風景,1
3085,優美,1
3086,景色宜人,1
3087,未來捷,1
3088,靠後側,1
3089,產業,1
3090,離家樂福,1
3091,楠店,1
3092,六分,1
3093,鐘車程,1
3094,人士,1
3095,景觀房,1
3096,雅國,1
3097,零售,1
3098,啟氣,1
3099,60A,1
3100,公所,1
3101,內維護,1
3102,突兀,1
3103,臨大窗,1
3104,大好,1
3105,開間,1
3106,但櫃體,1
3107,補足室,1
3108,大門區,1
3109,星光,1
3110,水岸,1
3111,苓洲國,1
3112,區低,1
3113,走動,1
3114,大開,1
3115,僅床,1
3116,增,1
3117,夜景,1
3118,燈景,1
3119,賞景,1
3120,可容納大,1
3121,具為,1
3122,睡區,1
3123,分置,1
3124,積木紋,1
3125,為長,1
3126,窗扇,1
3127,啟對流,1
3128,最廣角,1
3129,連餐,1
3130,雙人房,1
3131,室後側,1
3132,大活,1
3133,動區,1
3134,前後窗,1
3135,簡約易,1
3136,利用率,1
3137,作櫃體,1
3138,日景,1
3139,窗簾後大面,1
3140,區無隔間,1
3141,小磚樣,1
3142,僅小,1
3143,刮痕,1
3144,絕佳,1
3145,可遠眺,1
3146,綠地,1
3147,櫃體間,1
3148,適合劃,1
3149,精選美宅,1
3150,旁側,1
3151,區明確,1
3152,雙一字,1
3153,夾角,1
3154,中山路,1
3155,近國道,1
3156,南來,1
3157,北往,1
3158,無論,1
3159,還是,1
3160,新穎感,1
3161,色澤均,1
3162,廚房略,1
3163,磚樣,1
3164,門通,1
3165,免再購,1
3166,有門區,1
3167,僅小排,1
3168,軟硬體,1
3169,好裝潢,1
3170,裝潢易,1
3171,四周,1
3172,乾淨維護,1
3173,顯需,1
3174,磚無明顯,1
3175,門櫃,1
3176,移動,1
3177,清淨機,1
3178,ㄇ,1
3179,可區,1
3180,全排,1
3181,國道,1
3182,一號,1
3183,其餘區,1
3184,氣口,1
3185,一手,1
3186,住屋,1
3187,況新,1
3188,涼爽,1
3189,無門片,1
3190,導致,1
3191,組電器,1
3192,主人,1
3193,系列,1
3194,作品,1
3195,炒鍋,1
3196,整潔度,1
3197,無雜物,1
3198,略久,1
3199,三樓,1
3200,豪宅,1
3201,大器,1
3202,灣北公園,1
3203,灣內國,1
3204,大灣國,1
3205,前景,1
3206,知名,1
3207,風尚,1
3208,端門口,1
3209,門全開,1
3210,除味,1
3211,面狀態,1
3212,食材,1
3213,區間,1
3214,定性,1
3215,愜意,1
3216,前後通,1
3217,洞,1
3218,條空間,1
3219,性劃,1
3220,臨街車,1
3221,流人聲,1
3222,人流,1
3223,近三多,1
3224,仁武,1
3225,灣北,1
3226,首排,1
3227,規畫,1
3228,易滑,1
3229,一樓後區,1
3230,窗戶須,1
3231,敞易,1
3232,跌倒,1
3233,廚藝,1
3234,坪雙,1
3235,家電位,1
3236,堆疊,1
3237,易顯,1
3238,頭馬桶,1
3239,簡潔線條,1
3240,分割,1
3241,亮面磚,1
3242,光,1
3243,磨砂,1
3244,開課,1
3245,速洽,1
3246,近高應,1
3247,近市場,1
3248,背面,1
3249,窗光,1
3250,修狀況,1
3251,壽命長,1
3252,性較,1
3253,有開,1
3254,擺放沙發,1
3255,光井,1
3256,張,1
3257,具簡易,1
3258,內棟,1
3259,吊燈主,1
3260,需自加,1
3261,或書櫃,1
3262,窗側,1
3263,帶窗,1
3264,實木門片,1
3265,略嫌,1
3266,桌可作,1
3267,景色,1
3268,互動佳,1
3269,正對,1
3270,有景觀,1
3271,看屋,1
3272,不積,1
3273,感新穎,1
3274,區無隔斷,1
3275,時水易濺,1
3276,LED,1
3277,不日,1
3278,透過,1
3279,門片區,1
3280,實牆,1
3281,加軟,1
3282,包床頭,1
3283,吸音,1
3284,大自然,1
3285,深灰,1
3286,濕佳,1
3287,底部,1
3288,相連門口,1
3289,未裝,1
3290,加裝層,1
3291,辦公讀,1
3292,僅蓮蓬頭,1
3293,鄰戶,1
3294,掃除,1
3295,或掛,1
3296,帶大窗,1
3297,或大面,1
3298,見門檻,1
3299,水好,1
3300,無隔間,1
3301,仍屬,1
3302,全濕式,1
3303,適合次,1
3304,感新且,1
3305,需後續,1
3306,F,1
3307,幾,1
3308,何地,1
3309,且易,1
3310,區無實體,1
3311,用浴,1
3312,浮懸式,1
3313,同室,1
3314,無隔斷,1
3315,需高,1
3316,旁全,1
3317,屋整,1
3318,房美寓,1
3319,推區,1
3320,有給,1
3321,隔柵,1
3322,近綠地,1
3323,成熟,1
3324,門影響,1
3325,掛置,1
3326,視聽牆,1
3327,櫃式,1
3328,光罩,1
3329,有門禁,1
3330,感氣,1
3331,可會客,1
3332,須另,1
3333,盆浴,1
3334,外向,1
3335,機位,1
3336,區銜,1
3337,接順,1
3338,服務感,1
3339,可辦,1
3340,高側,1
3341,社區室,1
3342,內遊,1
3343,側面採,1
3344,勾,1
3345,兩人錯,1
3346,身略,1
3347,backsplash,1
3348,面狀況,1
3349,家長,1
3350,重度,1
3351,設排,1
3352,煙較,1
3353,面齊備,1
3354,可收,1
3355,舖,1
3356,花紋磚,1
3357,戶配,1
3358,臨窗,1
3359,動線長,1
3360,堆高,1
3361,但腳,1
3362,冷,1
3363,銜接佳,1
3364,連客,1
3365,窗可排,1
3366,電擺放區,1
3367,儲物量,1
3368,面具,1
3369,櫃不過,1
3370,近商圈,1
3371,超適合,1
3372,1F,1
3373,壓床,1
3374,堆疊多,1
3375,箱子,1
3376,組櫃體,1
3377,位明顯,1
3378,活動室,1
3379,放沙發,1
3380,以防,1
3381,區無拉門,1
3382,彩色,1
3383,外廊,1
3384,兩衛有,1
3385,無限景觀,1
3386,球館,1
3387,瑜珈,1
3388,桌球室,1
3389,KTV,1
3390,花材,1
3391,牆動線,1
3392,擴廠,1
3393,藍田公園,1
3394,圖案,1
3395,磚有,1
3396,掛牆,1
3397,積,1
3398,水潮,1
3399,離剛,1
3400,難以,1
3401,舊化,1
3402,污漬,1
3403,僅簡易層,1
3404,晾衣架,1
3405,高雄大學,1
3406,稀有,1
3407,巷內寧靜,1
3408,條適,1
3409,合曬衣,1
3410,機可,1
3411,深足夠,1
3412,整條陽,1
3413,台受,1
3414,受阻,1
3415,堆滿,1
3416,床到門,1
3417,缺少,1
3418,雙重,1
3419,外看,1
3420,帶來強,1
3421,具收納,1
3422,衣服,1
3423,機靠邊,1
3424,鋪面,1
3425,光線略,1
3426,可控,1
3427,深,1
3428,架易,1
3429,顯雜,1
3430,內向型,1
3431,尚順,1
3432,倉儲,1
3433,較熱,1
3434,可活動,1
3435,孔明,1
3436,望,1
3437,餘量,1
3438,大開口,1
3439,設曬,1
3440,感不強,1
3441,僅冷氣機,1
3442,面光,1
3443,禿,1
3444,加櫃,1
3445,牆腰,1
3446,僅臨,1
3447,少好,1
3448,無浴櫃,1
3449,打球,1
3450,聲較,1
3451,修新穎,1
3452,顯新,1
3453,桌上,1
3454,城近,1
3455,管制,1
3456,桌與,1
3457,遊戲機,1
3458,青少年,1
3459,棋藝室,1
3460,閱覽區,1
3461,SPA,1
3462,乾濕區區,1
3463,修感,1
3464,成人,1
3465,內容,1
3466,組多,1
3467,俱質,1
3468,有門框,1
3469,櫃多,1
3470,含洗,1
3471,曲棍球,1
3472,一人,1
3473,悶熱感,1
3474,清空,1
3475,才適,1
3476,交誼區,1
3477,聊天,1
3478,兒童球,1
3479,池遊,1
3480,果貿,1
3481,219A,1
3482,桃子,1
3483,啟有,1
3484,前後動線,1
3485,區界線,1
3486,輔助,1
3487,敞好,1
3488,可舉,1
3489,成房,1
3490,磚連續,1
3491,設利,1
3492,前庭,1
3493,似,1
3494,咖啡,1
3495,大義國,1
3496,課程,1
3497,公設質,1
3498,筆直易,1
3499,辨識,1
3500,碰撞,1
3501,全靠室,1
3502,遊樂場,1
3503,玩樂,1
3504,球室,1
3505,球道,1
3506,少見,1
3507,娛樂機,1
3508,能強,1
3509,區可聚會,1
3510,以氣氛,1
3511,辦兒童,1
3512,永清,1
3513,金店,1
3514,近蓮池,1
3515,潭,1
3516,內惟,1
3517,近台,1
3518,高鐵,1
3519,店,1
3520,設金屬,1
3521,空曠,1
3522,簡易掛,1
3523,新大樓,1
3524,林立,1
3525,戶數,1
3526,漢神巨蛋,1
3527,三角,1
3528,一室,1
3529,幸福,1
3530,輕齡,1
3531,大兩房,1
3532,窗簾光線,1
3533,空,1
3534,調安裝,1
3535,樓梯口,1
3536,可自住,1
3537,易雜,1
3538,電子,1
3539,牆書桌,1
3540,附層,1
3541,溫暖適,1
3542,溫控,1
3543,桌機,1
3544,僅單面,1
3545,窗通,1
3546,風動線,1
3547,有間,1
3548,具均勻,1
3549,超值,1
3550,工業區,1
3551,風好,1
3552,暖,1
3553,區後方,1
3554,人聲,1
3555,旁過,1
3556,旁大窗,1
3557,廚,1
3558,透風佳,1
3559,還有,1
3560,鎮高樓,1
3561,輕裝潢,1
3562,德賢,1
3563,直梯,1
3564,見家電,1
3565,明確利,1
3566,乾爽,1
3567,僅馬桶,1
3568,近青埔捷,1
3569,平移,1
3570,實驗,1
3571,列,1
3572,上吊,1
3573,以吸頂,1
3574,為木紋,1
3575,新市,1
3576,大易,1
3577,買櫃,1
3578,統一石紋,1
3579,大面鏡,1
3580,實用性,1
3581,面大,1
3582,櫃與層,1
3583,設書,1
3584,頭與馬桶,1
3585,多間,1
3586,採光略,1
3587,踏面,1
3588,布遮擋,1
3589,兒童房,1
3590,收納以,1
3591,開放架,1
3592,高貴,1
3593,不貴,1
3594,進屋,1
3595,床放,1
3596,留大面,1
3597,組矮櫃,1
3598,深型,1
3599,不多,1
3600,空間區,1
3601,通暢,1
3602,沙發組,1
3603,旁有,1
3604,易清,1
3605,煮食,1
3606,人群,1
3607,眾多,1
3608,門相,1
3609,走動區,1
3610,日後加裝,1
3611,區寬,1
3612,區或書房,1
3613,此側,1
3614,加小氣,1
3615,非大面積,1
3616,陽光,1
3617,方連接,1
3618,變好,1
3619,到陽台,1
3620,區無明,1
3621,顯拉門,1
3622,唯一,1
3623,拉下,1
3624,大且,1
3625,無遮擋,1
3626,可加床,1
3627,墊當,1
3628,矮牆,1
3629,合情,1
3630,侶,1
3631,持續,1
3632,桌位,1
3633,梳妝桌,1
3634,含層,1
3635,鏡框,1
3636,或光井,1
3637,內建化妝台,1
3638,或側,1
3639,小桌,1
3640,窗旁,1
3641,設電扇,1
3642,較磁磚,1
3643,以燈,1
3644,可能性,1
3645,看不清,1
3646,慈惠公園,1
3647,磚淺色,1
3648,亮度高,1
3649,黴菌,1
3650,窗帶入,1
3651,直入,1
3652,發揮,1
3653,多靠,1
3654,櫃書,1
3655,一收納,1
3656,半層,1
3657,層動線,1
3658,斜面,1
3659,顯收納,1
3660,金系統,1
3661,上國道,1
3662,漫延,1
3663,潔白磁磚,1
3664,寵物易,1
3665,石紋磚,1
3666,但略緊,1
3667,陽台連,1
3668,住感,1
3669,僅一層,1
3670,玻璃板,1
3671,無櫃體,1
3672,組上,1
3673,櫃及,1
3674,非大面,1
3675,擺放沙,1
3676,發電視,1
3677,發,1
3678,買方,1
3679,配電明確,1
3680,潔白,1
3681,一小,1
3682,小氣,1
3683,燈頭,1
3684,晚間,1
3685,隱約,1
3686,換鞋,1
3687,家人,1
3688,可連,1
3689,順向,1
3690,流暢,1
3691,洗碗機,1
3692,省空間,1
3693,面面,1
3694,A8,1
3695,溫暖易,1
3696,鐵欄,1
3697,開口利,1
3698,放清潔,1
3699,五大,1
3700,近鼎,1
3701,並可排,1
3702,梳洗,1
3703,門帶入,1
3704,日後增設,1
3705,上視角,1
3706,銀,1
3707,髮,1
3708,晾掛,1
3709,規劃次,1
3710,訂,1
3711,便利性,1
3712,市區,1
3713,如需,1
3714,裝乾,1
3715,濕簾,1
3716,或拉門,1
3717,O5R10,1
3718,4.6,1
3719,除,1
3720,淺藍色,1
3721,舒緩,1
3722,房數,1
3723,自營,1
3724,林森,1
3725,忠孝,1
3726,近郵政,1
3727,總局,1
3728,直覺,1
3729,需用,1
3730,活動櫃,1
3731,修易,1
3732,僅需,1
3733,較安靜,1
3734,朝向,1
3735,正臨,1
3736,可達,1
3737,整區,1
3738,書櫃書,1
3739,到室,1
3740,靠桌,1
3741,前場,1
3742,禁,1
3743,電資訊,1
3744,除濕,1
3745,含馬桶,1
3746,面連貫,1
3747,接陽,1
3748,台動線,1
3749,同區域,1
3750,乾淨易,1
3751,區牆,1
3752,大套,1
3753,房客,1
3754,收納略,1
3755,外開,1
3756,僅小床,1
3757,體質,1
3758,勻適,1
3759,水易濺,1
3760,散光,1
3761,高頻,1
3762,如上,1
3763,習慣,1
3764,附客,1
3765,石及,1
3766,保存,1
3767,壁癌,1
3768,管線區,1
3769,檢查,1
3770,靠陽,1
3771,及門,1
3772,台灣,1
3773,家務,1
3774,條磚,1
3775,門禁,1
3776,添,1
3777,適合辦,1
3778,公書房,1
3779,具對,1
3780,加排,1
3781,漆狀態,1
3782,變換,1
3783,僅書櫃,1
3784,玻門,1
3785,採光來,1
3786,主機,1
3787,機設,1
3788,面雜物,1
3789,溫潤感,1
3790,期潮,1
3791,濕保養,1
3792,意識,1
3793,含餐,1
3794,整潔易,1
3795,旗艦,1
3796,總部,1
3797,近樂購,1
3798,廣場,1
3799,兩相全,1
3800,另加,1
3801,色,1
3802,離小活,1
3803,度提高,1
3804,只有,1
3805,加購,1
3806,單色,1
3807,條深間,1
3808,車潮,1
3809,商機,1
3810,調溫,1
3811,米色,1
3812,他棟,1
3813,床書桌,1
3814,就診,1
3815,糖廠,1
3816,改裝,1
3817,竹林,1
3818,71A,1
3819,可通風,1
3820,老街,1
3821,美食,1
3822,小吃,1
3823,省道,1
3824,但視野,1
3825,心曠神怡,1
3826,化妝台,1
3827,風吹日,1
3828,廢氣,1
3829,未劃,1
3830,分車位,1
3831,自主,1
3832,一卡,1
3833,皮箱,1
3834,單一長,1
3835,內壁,1
3836,豪華面,1
3837,220W,1
3838,仁慈,1
3839,潢,1
3840,當小客,1
3841,直立,1
3842,非新裝,1
3843,或學生,1
3844,桌旁,1
3845,遼,1
3846,曠,1
3847,各大賣場,1
3848,接電,1
3849,擺入,1
3850,採光貫,1
3851,穿,1
3852,從陽台,1
3853,照,1
3854,桌距離,1
3855,共存,1
3856,門與後窗,1
3857,歲,1
3858,月,1
3859,配套,1
3860,免再,1
3861,設略,1
3862,居中,1
3863,配電箱區,1
3864,前後區域,1
3865,性運用,1
3866,不斷,1
3867,樓須,1
3868,交會,1
3869,此,1
3870,屏障,1
3871,物件,1
3872,風道,1
3873,備齊,1
3874,收納足,1
3875,機體,1
3876,盡頭,1
3877,外半,1
3878,非氣密,1
3879,強化,1
3880,早晨,1
3881,以一人,1
3882,僅樓,1
3883,淺色易,1
3884,日後裝潢,1
3885,帶衛浴,1
3886,異常,1
3887,窗間,1
3888,報報,1
3889,立刻,1
3890,區動線,1
3891,看電視,1
3892,網路位,1
3893,配線,1
3894,盒,1
3895,擺放節,1
3896,燈均勻,1
3897,中島區,1
3898,亮後段,1
3899,成廚,1
3900,具可見,1
3901,門獨立,1
3902,免額,1
3903,外大,1
3904,側採光,1
3905,鋼構,1
3906,前後可開,1
3907,能佳,1
3908,窗相連,1
3909,附高,1
3910,腳椅,1
3911,面為,1
3912,灰磚,1
3913,拼色,1
3914,架子,1
3915,適合備,1
3916,燈分區,1
3917,門進光,1
3918,與備,1
3919,餐動線,1
3920,主觀,1
3921,區與床,1
3922,直吹範圍,1
3923,涵蓋,1
3924,通風同,1
3925,遮陽,1
3926,面新,1
3927,適合兒,1
3928,需額,1
3929,外燈,1
3930,併,1
3931,佳顯,1
3932,時放,1
3933,備料區,1
3934,漆狀況,1
3935,自訂,1
3936,面防濺,1
3937,未住,1
3938,平轉,1
3939,出售,1
3940,緣人,1
3941,活動餘裕,1
3942,含燈,1
3943,偏暖,1
3944,剛交屋,1
3945,楠梓加工區,1
3946,月光,1
3947,大廠,1
3948,機會,1
3949,完好,1
3950,與後門,1
3951,滿牆,1
3952,機電維修,1
3953,有暖風,1
3954,可不,1
3955,觀視野,1
3956,孩房,1
3957,加分,1
3958,門口側,1
3959,單開門,1
3960,收納鍋,1
3961,具雜物,1
3962,與後門利,1
3963,散熱,1
3964,短且,1
3965,藝術,1
3966,靠外,1
3967,面維持,1
3968,兩戶,1
3969,橋頭車,1
3970,人備餐,1
3971,交錯,1
3972,燈多層,1
3973,石與,1
3974,做次,1
3975,小餐區,1
3976,日後掛畫,1
3977,設櫃,1
3978,出兒,1
3979,分離減,1
3980,近樹德,1
3981,家商,1
3982,輕軌,1
3983,低公設,1
3984,小區,1
3985,打擾,1
3986,道利,1
3987,拋光瓷,1
3988,僅臥室,1
3989,散味,1
3990,型陽台,1
3991,光足夠,1
3992,溝與,1
3993,磚皆為,1
3994,區視角,1
3995,促,1
3996,溝,1
3997,區採光,1
3998,石子,1
3999,橫梁,1
4000,客戶,1
4001,間利,1
4002,設欄,1
4003,適合潮,1
4004,濕環境,1
4005,可作次,1
4006,搬,1
4007,運動線,1
4008,僅後方,1
4009,旅學校,1
4010,高餐,1
4011,生意,1
4012,客源,1
4013,全家,1
4014,五分,1
4015,鐘,1
4016,燈加,1
4017,穩固,1
4018,組暖白,1
4019,獨立感,1
4020,做生意,1
4021,投報,1
4022,率,1
4023,全重換,1
4024,地壁,1
4025,全覆蓋,1
4026,放得,1
4027,家電齊,1
4028,單門,1
4029,連貫適,1
4030,配電箱,1
4031,窗需,1
4032,養寵物,1
4033,尚有,1
4034,臉,1
4035,盆鏡櫃,1
4036,尚稱,1
4037,鬆,1
4038,較耐污,1
4039,殘留,1
4040,僅供,1
4041,僅小矮櫃,1
4042,易作,1
4043,大氣,1
4044,豪門,1
4045,三民,1
4046,義德,1
4047,側邊利,1
4048,至於,1
4049,不強,1
4050,窗多,1
4051,四濺,1
4052,器具,1
4053,鏡櫃皆備,1
4054,窗戶且,1
4055,偏少,1
4056,採光略顯,1
4057,遠端僅,1
4058,一個,1
4059,源光,1
4060,改裝時,1
4061,沿用,1
4062,水路,1
4063,抗油,1
4064,高彈性,1
4065,梓官,1
4066,偏悶,1
4067,戲間,1
4068,梁體,1
4069,抽油,1
4070,煙疑慮,1
4071,排煙管,1
4072,距魚,1
4073,漁貨,1
4074,接近,1
4075,古,1
4076,早味,1
4077,南路,1
4078,全區,1
4079,以利,1
4080,梁位,1
4081,作書桌,1
4082,僅端部,1
4083,階梯口,1
4084,裝欄,1
4085,光明,1
4086,全屋須,1
4087,整棟,1
4088,太陽能,1
4089,供應,1
4090,大豐二,1
4091,觀景視野,1
4092,裂紋,1
4093,內門,1
4094,光較,1
4095,防水工程,1
4096,推為,1
4097,鄰棟景,1
4098,易互動,1
4099,面開口,1
4100,來訪,1
4101,多易,1
4102,霸氣,1
4103,非凡,1
4104,仍顯,1
4105,中後段,1
4106,局彈性,1
4107,房角,1
4108,私人,1
4109,獨家,1
4110,絕無僅,1
4111,53A,1
4112,收納動線,1
4113,有後門,1
4114,排水管,1
4115,不大可能,1
4116,無櫥,1
4117,櫃爐,1
4118,具僅,1
4119,因無窗,1
4120,無機,1
4121,久遠,1
4122,鳳山漢慶,1
4123,街鬧區,1
4124,房三衛,1
4125,出價,1
4126,可談,1
4127,凱旋二聖,1
4128,損明顯,1
4129,縫隙積,1
4130,需重,1
4131,四方,1
4132,靠後門,1
4133,可容,1
4134,納馬桶,1
4135,同區易,1
4136,全暗,1
4137,漆面,1
4138,龜裂,1
4139,朝外,1
4140,中度,1
4141,裝潢者,1
4142,大室,1
4143,將光線,1
4144,建議,1
4145,重鋪,1
4146,向利,1
4147,流動,1
4148,老地磚,1
4149,關閉,1
4150,極差,1
4151,近乎,1
4152,單一窗,1
4153,前後距,1
4154,離長,1
4155,機空間,1
4156,場節,1
4157,僅小吊櫃,1
4158,較強,1
4159,放雙,1
4160,不建議,1
4161,下緣,1
4162,變色,1
4163,須鋪,1
4164,有大,1
4165,不特別,1
4166,車聲,1
4167,仍僅,1
4168,擺放層,1
4169,斑駁,1
4170,有水漬,1
4171,需處理,1
4172,拼花,1
4173,石,1
4174,恐易悶,1
4175,熱潮,1
4176,可覆蓋,1
4177,有潮,1
4178,相連動線,1
4179,電擺放,1
4180,水管,1
4181,積破損,1
4182,仍然,1
4183,布局,1
4184,面外側,1
4185,櫃明顯,1
4186,感需,1
4187,以開,1
4188,放鐵架,1
4189,顯爐具,1
4190,新甲國,1
4191,鳳甲國,1
4192,大豐,1
4193,尖美,1
4194,陽明,1
4195,房車位,1
4196,年輕,1
4197,公共交通,1
4198,屋況佳,1
4199,氣度,1
4200,共浴,1
4201,拉門易,1
4202,四大,1
4203,參考,1
4204,檨,1
4205,林,1
4206,埤,1
4207,公,1
4208,人床,1
4209,獨立門,1
4210,頂視覺,1
4211,至餐,1
4212,區較,1
4213,僅花灑,1
4214,隔屏,1
4215,桌組,1
4216,色差,1
4217,自帶,1
4218,窗導入,1
4219,各有,1
4220,需親,1
4221,可獨立,1
4222,可裝門,1
4223,龍騰,1
4224,放床,1
4225,接受,1
4226,交叉,1
4227,勾縫,1
4228,狹小,1
4229,紙箱,1
4230,近景,1
4231,待查,1
4232,插,1
4233,收納並,1
4234,為格柵燈,1
4235,為後加,1
4236,吊頂,1
4237,悶熱,1
4238,賴空調,1
4239,含衛浴,1
4240,肉豆,1
4241,公市場,1
4242,鐵路,1
4243,機料,1
4244,廠,1
4245,阻擋,1
4246,單位,1
4247,高個,1
4248,區與書櫃,1
4249,創造,1
4250,側牆櫃,1
4251,區可作,1
4252,近正義車,1
4253,九如,1
4254,近武廟,1
4255,溫感佳,1
4256,濾光線,1
4257,需整體,1
4258,顯舊,1
4259,A2,1
4260,豪華,1
4261,清幽,1
4262,底,1
4263,滑度,1
4264,磚較,1
4265,面櫃體,1
4266,電視區易,1
4267,樓底,1
4268,屋狀況,1
4269,壁磚,1
4270,窗格,1
4271,磚縫,1
4272,天御,1
4273,樓視野,1
4274,窗數量,1
4275,溫潤質,1
4276,磚舒適,1
4277,磚抗,1
4278,裝窗,1
4279,粗面,1
4280,花木,1
4281,作保,1
4282,首購族,1
4283,入門,1
4284,外連接,1
4285,動線區,1
4286,前後皆有,1
4287,反射光,1
4288,熱水,1
4289,按摩,1
4290,典雅,1
4291,氣宇,1
4292,顆粒感,1
4293,區視野,1
4294,掀櫃,1
4295,達成,1
4296,戶補充,1
4297,後側,1
4298,厚門,1
4299,筆直利,1
4300,軒昂,1
4301,8.46,1
4302,39.5,1
4303,鳥松,1
4304,新穎無明,1
4305,仍有,1
4306,光潔,1
4307,機等,1
4308,離足夠,1
4309,軟墊區,1
4310,風可,1
4311,不致,1
4312,三片,1
4313,圓弧,1
4314,鍋,1
4315,門對外,1
4316,並作,1
4317,依賴門,1
4318,單色易,1
4319,裝層,1
4320,較雜,1
4321,上下床,1
4322,鳳山,1
4323,雅運動,1
4324,正義市場,1
4325,正義路,1
4326,並有間,1
4327,減少外,1
4328,首購,1
4329,一床,1
4330,修飾,1
4331,一家,1
4332,不阻,1
4333,積陽台,1
4334,外通風,1
4335,面鄰,1
4336,熱度,1
4337,受雨聲,1
4338,主偏,1
4339,爬梯,1
4340,正鬧區,1
4341,或鏡,1
4342,窗户,1
4343,應靠,1
4344,拖鞋,1
4345,浪費,1
4346,R18,1
4347,一樓免,1
4348,爬,1
4349,推,1
4350,觀,1
4351,組燈,1
4352,可對外,1
4353,對位,1
4354,近方,1
4355,續加,1
4356,娛樂室,1
4357,朝內,1
4358,臨大馬路,1
4359,氣對流,1
4360,略緊,1
4361,三人沙,1
4362,發示範,1
4363,平行,1
4364,可見室,1
4365,百貨,1
4366,精品,1
4367,崛江,1
4368,可自備,1
4369,桌皆易,1
4370,留大面積,1
4371,適合油,1
4372,雙燈,1
4373,具確,1
4374,保晚,1
4375,加大,1
4376,擺大床,1
4377,或書,1
4378,開放格,1
4379,可放書籍,1
4380,糧有,1
4381,質易,1
4382,賴機械,1
4383,側光,1
4384,積空間,1
4385,多門,1
4386,行李箱,1
4387,季節,1
4388,情況,1
4389,低噪音,1
4390,聲響,1
4391,切角,1
4392,加開,1
4393,放層,1
4394,可放書桌,1
4395,小沙發,1
4396,主導,1
4397,實體,1
4398,擺飾,1
4399,顯門檻,1
4400,具補足室,1
4401,門或拉簾,1
4402,濺水,1
4403,滑磁磚,1
4404,跡象,1
4405,噴頭,1
4406,條狀,1
4407,全磚,1
4408,植栽,1
4409,開會,1
4410,兩,1
4411,道菜,1
4412,櫃體光,1
4413,面板,1
4414,方式,1
4415,另設,1
4416,除車,1
4417,位外,1
4418,二房,1
4419,景觀陽台,1
4420,全新整理,1
4421,婚房,1
4422,愛河,1
4423,綠景,1
4424,生愛河,1
4425,運動步,1
4426,賴外側,1
4427,矮,1
4428,黑框,1
4429,賃,1
4430,緩衝區,1
4431,面牆,1
4432,雙人沙,1
4433,可放鞋,1
4434,仰賴室,1
4435,內藏,1
4436,同側,1
4437,IH,1
4438,輕量,1
4439,運動養,1
4440,邊煮邊,1
4441,油煙味,1
4442,發與圓,1
4443,減少後續,1
4444,勻稱,1
4445,外套,1
4446,包包,1
4447,或養,1
4448,右側,1
4449,辦公椅,1
4450,區獨立,1
4451,數公,1
4452,區預,1
4453,電腦桌,1
4454,固定性,1
4455,沒有,1
4456,較悶熱,1
4457,對安靜,1
4458,內建餐,1
4459,擺六人,1
4460,深長,1
4461,設書桌,1
4462,二次,1
4463,形規劃,1
4464,樹木,1
4465,屋齡,1
4466,挑空,1
4467,敞氣,1
4468,房產價值,1
4469,吸引力,1
4470,將客,1
4471,臥室側,1
4472,樓拿餐,1
4473,日後加,1
4474,無馬桶,1
4475,一間,1
4476,耐潮易,1
4477,時易,1
4478,頭皆備,1
4479,層區,1
4480,活巷,1
4481,人車,1
4482,分道,1
4483,短適,1
4484,窗源,1
4485,以一至,1
4486,最舒適,1
4487,發財屋,1
4488,永興,1
4489,三山,1
4490,前後端,1
4491,略暗,1
4492,組電源,1
4493,局,1
4494,內梯,1
4495,盎然,1
4496,半牆,1
4497,利分層,1
4498,內建電視,1
4499,偏後側,1
4500,自後方門,1
4501,弱電,1
4502,插孔,1
4503,石英,1
4504,仰角,1
4505,超挑,1
4506,前後相連,1
4507,天窗,1
4508,挑高加,1
4509,實際,1
4510,客衛,1
4511,出水口,1
4512,外大窗,1
4513,廁區域,1
4514,重訓,1
4515,勻室,1
4516,有馬桶,1
4517,除臭,1
4518,辦公區,1
4519,挑高區,1
4520,顯水痕,1
4521,很大,1
4522,容納床,1
4523,張書桌,1
4524,省去,1
4525,可小聚會,1
4526,百貨大,1
4527,數寬,1
4528,櫃多組,1
4529,臨空,1
4530,主視角,1
4531,具齊全,1
4532,加陽,1
4533,開放樓,1
4534,各類,1
4535,調,1
4536,門設計,1
4537,每戶,1
4538,上鎖,1
4539,近橋科,1
4540,二期,1
4541,接燈光,1
4542,出風,1
4543,門僅,1
4544,孔利,1
4545,樓梯區,1
4546,開放梯間,1
4547,樓動線,1
4548,燈位,1
4549,感不錯,1
4550,車或,1
4551,屬封,1
4552,全功能,1
4553,櫃體量,1
4554,具糧食,1
4555,電器櫃,1
4556,爐台,1
4557,現代好,1
4558,鄰義大,1
4559,僅後側,1
4560,籃子,1
4561,與否,1
4562,沒見,1
4563,潮味,1
4564,門扇,1
4565,具通,1
4566,櫃新穎,1
4567,大板,1
4568,裝卸,1
4569,直達樓,1
4570,商動線,1
4571,旁小空間,1
4572,加壓,1
4573,達,1
4574,供水,1
4575,穩定度,1
4576,溫暖且,1
4577,植物,1
4578,度易,1
4579,角間,1
4580,有聲響,1
4581,門大,1
4582,營業,1
4583,面臨,1
4584,梯欄,1
4585,矮櫃作,1
4586,高較,1
4587,快速道路,1
4588,廈莊兒,1
4589,戲場,1
4590,風百葉,1
4591,門利,1
4592,櫃為,1
4593,止滑感,1
4594,中安,1
4595,下午,1
4596,華昌路,1
4597,從樓,1
4598,梯至,1
4599,有樓,1
4600,紋磁磚,1
4601,一至,1
4602,帶進,1
4603,區可,1
4604,桌沙發,1
4605,區以,1
4606,磚及,1
4607,排水槽,1
4608,好動線,1
4609,窗臨,1
4610,房內設,1
4611,有雙,1
4612,互不,1
4613,磚耐污,1
4614,方便使用,1
4615,或書房,1
4616,精算,1
4617,屋狀態,1
4618,面外,1
4619,群相,1
4620,區適,1
4621,合多人,1
4622,看向,1
4623,動靜,1
4624,間放,1
4625,運轉時,1
4626,高處,1
4627,版面,1
4628,綠建築,1
4629,距離足,1
4630,雙門動線,1
4631,鏡中,1
4632,明誠中,1
4633,學學區,1
4634,新免,1
4635,美術,1
4636,結合,1
4637,與後方,1
4638,踏板,1
4639,需維護,1
4640,側房間,1
4641,分間,1
4642,採光弱,1
4643,三多光華,1
4644,正四樓,1
4645,汙水,1
4646,光華,1
4647,明誠中學,1
4648,勉強,1
4649,僅小層,1
4650,裝櫃體,1
4651,排油,1
4652,面市,1
4653,島,1
4654,開放長,1
4655,前後皆無大窗,1
4656,煙管,1
4657,廁所二,1
4658,純廁,1
4659,所,1
4660,轉,1
4661,裝機費,1
4662,焦點區,1
4663,區減,1
4664,多戶,1
4665,採木,1
4666,身受,1
4667,限,1
4668,房浴,1
4669,含鏡櫃,1
4670,資訊,1
4671,需體力,1
4672,組層,1
4673,好劃分,1
4674,或放戶,1
4675,日後收納,1
4676,可作額,1
4677,寵物房,1
4678,二層,1
4679,區或,1
4680,拿,1
4681,取,1
4682,盡端,1
4683,廊道,1
4684,臨陽台,1
4685,櫃門,1
4686,光澤,1
4687,儲藏房,1
4688,露,1
4689,積露,1
4690,整平,1
4691,屋視線,1
4692,圍欄,1
4693,更適,1
4694,重作,1
4695,簾子,1
4696,僅側,1
4697,推設計,1
4698,僅適,1
4699,合單,1
4700,學免,1
4701,煩惱,1
4702,電視成,1
4703,免大,1
4704,手,1
4705,美耐板,1
4706,拉,1
4707,間感,1
4708,進光量,1
4709,對角,1
4710,紋主牆,1
4711,帶書桌,1
4712,不遠,1
4713,床頭板,1
4714,同色系,1
4715,鏡櫃層,1
4716,花磚,1
4717,可大開,1
4718,三人座,1
4719,排動線,1
4720,空牆,1
4721,環繞,1
4722,由陽台,1
4723,連結佳,1
4724,端側,1
4725,柔,1
4726,容納,1
4727,但離,1
4728,靠陽台,1
4729,人行,1
4730,廚較,1
4731,近照,1
4732,把手,1
4733,吊櫃下,1
4734,人造石,1
4735,烤,1
4736,紋板,1
4737,排沙,1
4738,圓形,1
4739,靠衛浴,1
4740,門視角,1
4741,近衛浴,1
4742,設小,1
4743,抽,1
4744,R21,1
4745,牆門,1
4746,二重,1
4747,限制,1
4748,壓力,1
4749,整片,1
4750,金屬柵欄,1
4751,圍住,1
4752,留置,1
4753,鞋子,1
4754,面地磚,1
4755,較適,1
4756,服務陽台,1
4757,磚材質,1
4758,精選,1
4759,房小資宅,1
4760,覺區,1
4761,過暗,1
4762,櫃旁,1
4763,路由器,1
4764,牆面區,1
4765,房間門,1
4766,三機,1
4767,留空,1
4768,掛衣,1
4769,摺,1
4770,疊,1
4771,床鋪,1
4772,榻榻米,1
4773,統一,1
4774,同款,1
4775,有視,1
4776,可當化妝台,1
4777,起身,1
4778,可減,1
4779,少部分,1
4780,日後好,1
4781,確區,1
4782,行李,1
4783,粉色,1
4784,面收,1
4785,孔設計,1
4786,賽克磁磚,1
4787,不單,1
4788,調略,1
4789,設計感,1
4790,具距離,1
4791,改成,1
4792,門可見,1
4793,可分區,1
4794,桌數,1
4795,野外,1
4796,一定,1
4797,感開闊,1
4798,橫向面,1
4799,漆門板,1
4800,金透店,1
4801,臨後勁,1
4802,區域區,1
4803,浸泡,1
4804,鏡面質,1
4805,可放飾品,1
4806,溫度,1
4807,控制,1
4808,油廠,1
4809,上班,1
4810,無外,1
4811,減少黴味,1
4812,頭區,1
4813,裝拉門,1
4814,白灰,1
4815,現代且,1
4816,鋼烤,1
4817,由大門,1
4818,直達,1
4819,全身,1
4820,廊區,1
4821,擴充,1
4822,近後勁,1
4823,科學園區,1
4824,之外,1
4825,低檻,1
4826,磚降,1
4827,漏水,1
4828,各有區,1
4829,單大窗,1
4830,可大面,1
4831,積開啟,1
4832,朝,1
4833,全配備,1
4834,自端部,1
4835,面上,1
4836,欄牆,1
4837,觀景,1
4838,面鄰棟,1
4839,偏近,1
4840,損顏色,1
4841,再劃,1
4842,毛玻璃,1
4843,修狀態,1
4844,高速公路,1
4845,近全聯,1
4846,金府,1
4847,鬧區,1
4848,掉落,1
4849,布告,1
4850,質感佳且,1
4851,三面採光,1
4852,雙衛,1
4853,定位,1
4854,燈管,1
4855,磨,1
4856,需檢修,1
4857,前後開,1
4858,稍壓,1
4859,進來,1
4860,含陽台,1
4861,連接戶,1
4862,推門陽台,1
4863,外面,1
4864,佔位,1
4865,內建大櫃體,1
4866,舊後續,1
4867,小書房,1
4868,或木紋,1
4869,推門利,1
4870,備洗滌,1
4871,近易潮,1
4872,感小,1
4873,及紗窗,1
4874,恐影響,1
4875,氣密,1
4876,工業感,1
4877,單層,1
4878,適合放床,1
4879,修補,1
4880,差夏,1
4881,熱冬冷,1
4882,高足,1
4883,夠,1
4884,清潔適,1
4885,現代家電,1
4886,薄,1
4887,離遮擋,1
4888,六合,1
4889,前金捷,1
4890,訓練機,1
4891,大運動,1
4892,高規格,1
4893,系營,1
4894,造質,1
4895,球桌,1
4896,多項,1
4897,近學區,1
4898,或倉,1
4899,儲區,1
4900,追加,1
4901,保溫,1
4902,防漏,1
4903,工程,1
4904,送餐,1
4905,堆,1
4906,國際飯,1
4907,店宅,1
4908,雙捷運,1
4909,生活圈,1
4910,空中,1
4911,無邊際,1
4912,手機,1
4913,偏小略,1
4914,建國國,1
4915,前金國,1
4916,鑑賞,1
4917,不見,1
4918,免大裝,1
4919,有些,1
4920,房視覺,1
4921,感並,1
4922,各區域,1
4923,同色,1
4924,素雅,1
4925,時可開,1
4926,基底,1
4927,部門口,1
4928,有點,1
4929,櫃且,1
4930,組沙,1
4931,發椅,1
4932,房價,1
4933,數公設,1
4934,廚區,1
4935,至廚,1
4936,軟裝營,1
4937,造飯,1
4938,店感,1
4939,開小會,1
4940,人多時,1
4941,新穎質,1
4942,感高,1
4943,多張,1
4944,觀佳,1
4945,光亮,1
4946,公設遊,1
4947,憩室,1
4948,互相,1
4949,檔次,1
4950,環景視野,1
4951,重量,1
4952,升級,1
4953,時易濺,1
4954,收鍋,1
4955,鋼,1
4956,耐熱耐,1
4957,家樂福龍井,1
4958,藝術店,1
4959,國際,1
4960,聚集,1
4961,近光榮,1
4962,碼頭,1
4963,旅運,1
4964,流行,1
4965,已鋪,1
4966,寬梯,1
4967,窗戶略顯,1
4968,旁設,1
4969,含下櫃,1
4970,走線,1
4971,全封,1
4972,閉牆,1
4973,近自強,1
4974,富人,1
4975,成功人士,1
4976,以拉門區,1
4977,直,1
4978,質感免,1
4979,大修,1
4980,設統,1
4981,一視覺,1
4982,音樂,1
4983,近輕軌,1
4984,餐飲,1
4985,外鐵門,1
4986,樓分層,1
4987,外為,1
4988,開利,1
4989,異形,1
4990,頂壓,1
4991,尖峰,1
4992,負擔,1
4993,東,1
4994,海大,1
4995,學中,1
4996,科特,1
4997,鬧,1
4998,取靜,1
4999,精選好,1
5000,中科,1
5001,榮總,1
5002,澄清,1
5003,光田,1
5004,置產,1
5005,窗排,1
5006,分色,1
5007,照顧,1
5008,遠東,1
5009,以半樓,1
5010,錯層區,1
5011,面潔白,1
5012,低樓,1
5013,區藝術,1
5014,近東,1
5015,海藝術,1
5016,小磚,1
5017,打滑,1
5018,具輔助,1
5019,梯面,1
5020,整段,1
5021,小玄關,1
5022,帶紗窗,1
5023,地漏,1
5024,店住,1
5025,建滿,1
5026,換屋,1
5027,緣,1
5028,您,1
5029,起家,1
5030,坐辦,1
5031,數多,1
5032,附小,1
5033,偏佳,1
5034,門及,1
5035,附封,1
5036,需現,1
5037,場確,1
5038,認氣密,1
5039,門區,1
5040,當主臥,1
5041,門加,1
5042,適合種,1
5043,植,1
5044,夠不壓迫,1
5045,層臨,1
5046,窗景觀,1
5047,完備,1
5048,號開車,1
5049,R20,1
5050,既裝,1
5051,未滿,1
5052,台景,1
5053,使室,1
5054,進行,1
5055,木床,1
5056,裝潢略,1
5057,櫥櫃門板,1
5058,漢民市場,1
5059,漢民,1
5060,R3,1
5061,電視位,1
5062,較耐潮,1
5063,雙槽,1
5064,如多人,1
5065,高峰,1
5066,賴冷氣,1
5067,啟空氣,1
5068,附書桌,1
5069,僅基礎,1
5070,面陽台,1
5071,並連,1
5072,風減,1
5073,少悶熱,1
5074,形客,1
5075,敞陽台,1
5076,出去,1
5077,雙星,1
5078,聯開案,1
5079,休閒陽台,1
5080,萬坪,1
5081,旅大學,1
5082,可擺大,1
5083,沙發面,1
5084,磚紋,1
5085,遮簾略,1
5086,廚動線,1
5087,出菜,1
5088,洗滌區,1
5089,電陶爐,1
5090,具適,1
5091,合電,1
5092,烹,1
5093,廚房採,1
5094,衛浴採,1
5095,風有,1
5096,煙好,1
5097,須加,1
5098,儲物角,1
5099,動線連,1
5100,外陽,1
5101,顯分,1
5102,窗且,1
5103,齊,1
5104,開放側,1
5105,圍設,1
5106,做員工,1
5107,宿舍,1
5108,覺,1
5109,縮,1
5110,齊全度,1
5111,風窗,1
